,0,1,2,3,4,5,6,7,8,9,10,11,12,13,14,15,16,17,18,19,20,21,22,23,24,25,26,27,28,29,30,31,32,33,34,35,36,37,38,39,40,41,42,43,44,45,46,47,48,49,50,51,52,53,54,55,56,57,58,59,60,61,62,63,64,65,66,67,68,69,70,71,72,73,74,75,76,77,78,79,80,81,82,83,84,85,86,87,88,89,90,91,92,93,94,95,96,97,98,99,100,101,102,103,104,105,106,107,108,109,110,111,112,113,114,115,116,117,118,119,120,121,122,123,124,125,126,127,128
0,조암터미널,조암농협,조암GS주유소,어은삼거리,어은4리,장안면행정복지센터,사랑리,덕다2리앞,덕다리입구,독정1리,독정삼거리,장안9리입구,장명초등학교,장안6리,장안3리,장안8리,장명초분교,장안제일교회,장안6리.물구리,덕다2리앞(구래),삼괴중고교,우정읍행정복지센터,,,,,,,,,,,,,,,,,,,,,,,,,,,,,,,,,,,,,,,,,,,,,,,,,,,,,,,,,,,,,,,,,,,,,,,,,,,,,,,,,,,,,,,,,,,,,,,,,,,,,,,,,,,
1,조암터미널,조암리(경유),어은삼거리,어은4리,장안면행정복지센터,사랑리,덕다2리앞,덕다리입구,독정1리,독정삼거리,장안9리입구,장명초등학교,장안6리,장안3리,장안8리,장명초분교,장안제일교회,장안4리입구,장안4리(고잔)종점,장안6리.물구리,덕다2리앞(구래),장안초등학교,조암GS주유소,,,,,,,,,,,,,,,,,,,,,,,,,,,,,,,,,,,,,,,,,,,,,,,,,,,,,,,,,,,,,,,,,,,,,,,,,,,,,,,,,,,,,,,,,,,,,,,,,,,,,,,,,,
2,발안만세시장,발안삼거리.바다마트,발안리(경유),화성중고등학교,화성시보건소앞,장짐삼거리,제약공단사원아파트앞,지월리입구,상신1리마을앞,수목원,상신6리,구장리새터말입구,상신리,구장1리,향남제약공단앞,팔탄초등학교,제약공단후문.구문천1리입구,팔탄면행정복지센터,구문천리,마곡마을입구,구문천공원,구장삼거리,발안산업단지,구장사거리앞,구문천1리진입로,창곡주유소앞,현동목장앞,창곡3리.독골,구문천삼거리,우렁골입구,구문천5리(회차),창곡2리교회앞,창곡1리,구문천리초록마을,금산사입구,구문천3리,언창공단,창곡1리입구,청요사거리,자안리,우신공업앞,하저리마을회관,하저교회앞,메탈산업단지,하저3리.한미약품,수련개,금광포란재아파트,무송2통.술현,무송교차로,무송그린빌리지,무송1통마을입구,그린빌라.롤링힐스,롤링힐스,대광아파트,공군부대입구,화성시청,남양뉴타운.양우내안애,남양중고교입구,기업은행,남양중고입구.기아남양점,양우내안애,자재이골입구,창곡3리,구장1리(새터말.율암리),구종점,,,,,,,,,,,,,,,,,,,,,,,,,,,,,,,,,,,,,,,,,,,,,,,,,,,,,,,,,,,,,,,,
3,발안삼거리.바다마트,화성중고등학교,장짐삼거리,지월리입구,수목원,구장리새터말입구,구장1리,팔탄초등학교,팔탄면행정복지센터,마곡마을입구,구장삼거리,구장사거리.공구상가,하피랜드,율암삼거리,율암드림마트앞,대방초교,명인제약,노화1리,노하2리,정미소앞,노하3리,노하3리.백미정,노하산업단지,노하할인마트,구장1리(새터말.율암리),구종점,발안만세시장,,,,,,,,,,,,,,,,,,,,,,,,,,,,,,,,,,,,,,,,,,,,,,,,,,,,,,,,,,,,,,,,,,,,,,,,,,,,,,,,,,,,,,,,,,,,,,,,,,,,,,
4,발안삼거리.바다마트,화성중고등학교,장짐삼거리,지월리,지월리입구,수목원,구장리새터말입구,구장1리,팔탄초등학교,팔탄면행정복지센터,마곡마을입구,구장삼거리,기천편의점할인마트앞,기천1리입구,기천1리,전원마을,기천3리,기천3리종점,구장1리(새터말.율암리),구종점,발안만세시장,,,,,,,,,,,,,,,,,,,,,,,,,,,,,,,,,,,,,,,,,,,,,,,,,,,,,,,,,,,,,,,,,,,,,,,,,,,,,,,,,,,,,,,,,,,,,,,,,,,,,,,,,,,,
5,발안삼거리.바다마트,화성중고등학교,장짐삼거리,지월리입구,수목원,구장리새터말입구,구장1리,율암1리,율암온천,굴다리입구,덕천리.화성온천,덕천리,덕우리(구운말),안덕우리,팔탄전자앞,화성제일병원,화당리,월문리,월문초등학교,나은병원,덕우리.구운말,구종점,발안만세시장,,,,,,,,,,,,,,,,,,,,,,,,,,,,,,,,,,,,,,,,,,,,,,,,,,,,,,,,,,,,,,,,,,,,,,,,,,,,,,,,,,,,,,,,,,,,,,,,,,,,,,,,,,
6,화성시보건소앞,발안만세시장,발안삼거리.바다마트,화성중고등학교,장짐삼거리,지월리입구,수목원,구장리새터말입구,구장1리,팔탄초등학교,팔탄면행정복지센터,마곡마을입구,구장삼거리,구장사거리앞,창곡주유소앞,창곡3리.독골,우렁골입구,창곡2리교회앞,창곡1리,금산사입구,언창공단,창곡1리입구,청요사거리,자안리,태행산예비군훈련장앞,양노리,비봉면행정복지센터,자재이골입구,창곡3리,구장1리(새터말.율암리),바다마트,,,,,,,,,,,,,,,,,,,,,,,,,,,,,,,,,,,,,,,,,,,,,,,,,,,,,,,,,,,,,,,,,,,,,,,,,,,,,,,,,,,,,,,,,,,,,,,,,,
7,발안삼거리.바다마트,화성중고등학교,장짐삼거리,지월리입구,수목원,구장리새터말입구,구장1리,팔탄초등학교,팔탄면행정복지센터,마곡마을입구,구장삼거리,구장사거리.공구상가,하피랜드,율암삼거리,팔탄공단앞,율암2리.쇄네골,하저4리입구,하저3리.한미약품,하저교회앞,하저리마을회관,우신공업앞,자안리,청요사거리,창곡1리입구,언창공단,금산사입구,창곡1리,창곡2리교회앞,자재이골입구,창곡3리,창곡주유소앞,구장사거리앞,구장1리(새터말.율암리),구종점,발안만세시장,,,,,,,,,,,,,,,,,,,,,,,,,,,,,,,,,,,,,,,,,,,,,,,,,,,,,,,,,,,,,,,,,,,,,,,,,,,,,,,,,,,,,,,,,,,,,,
8,화성시보건소앞,발안만세시장,발안삼거리.바다마트,화성중고등학교,장짐삼거리,지월리,지월리입구,수목원,구장리새터말입구,구장1리,팔탄초등학교,팔탄면행정복지센터,마곡마을입구,구장삼거리,기천편의점할인마트앞,기천1리입구,기천1리,전원마을,기천3리,상기2리입구,상기1리즘곰마을,상기1리호현리,상기1리세거리,수원여대혜란캠퍼스,상기리입구,아울렛패션몰,세거리.상기1리,호현리.상기1리,즘곰마을.상기1리,구장1리(새터말.율암리),바다마트,,,,,,,,,,,,,,,,,,,,,,,,,,,,,,,,,,,,,,,,,,,,,,,,,,,,,,,,,,,,,,,,,,,,,,,,,,,,,,,,,,,,,,,,,,,,,,,,,,
9,화성시보건소앞,발안만세시장,발안삼거리.바다마트,화성중고등학교,장짐삼거리,지월리입구,수목원,구장리새터말입구,구장1리,팔탄초등학교,팔탄면행정복지센터,소동촌,덕우공단,덕우저수지,팔탄입구,덕리,화성푸드통합지원센터(로컬푸드직매장),해병대사령부종점,구장1리(새터말.율암리),바다마트,,,,,,,,,,,,,,,,,,,,,,,,,,,,,,,,,,,,,,,,,,,,,,,,,,,,,,,,,,,,,,,,,,,,,,,,,,,,,,,,,,,,,,,,,,,,,,,,,,,,,,,,,,,,,
10,화성시보건소앞,발안만세시장,발안삼거리.바다마트,화성중고등학교,장짐삼거리,지월리입구,수목원,구장리새터말입구,구장1리,팔탄초등학교,소동촌,가재3리.덕우공단입구,진우아파트,팔탄입구,덕리,화성푸드통합지원센터(로컬푸드직매장),해병대사령부종점,구장1리(새터말.율암리),바다마트,,,,,,,,,,,,,,,,,,,,,,,,,,,,,,,,,,,,,,,,,,,,,,,,,,,,,,,,,,,,,,,,,,,,,,,,,,,,,,,,,,,,,,,,,,,,,,,,,,,,,,,,,,,,,,
11,화남아파트,병점사거리,병점역,홈플러스.벌말초교,성호아파트,우남아파트,신일해피트리아파트,한신아파트,신창2차아파트,안화고등학교,안화초교.주공8.9단지,중심상가,롯데시네마,,,,,,,,,,,,,,,,,,,,,,,,,,,,,,,,,,,,,,,,,,,,,,,,,,,,,,,,,,,,,,,,,,,,,,,,,,,,,,,,,,,,,,,,,,,,,,,,,,,,,,,,,,,,,,,,,,,,
12,장외리.오리골,돈말입구,제부도입구,제부해수탕,개경촌,살고지입구,송교1리,큰말입구,장외리.지긋말,장외리,숲풀안앞,광평삼거리,느티나무앞,광평주유소,광평리,서신중학교후문,매화리,서신터미널,상안리삼거리,상안2리.SK주유소,상안1.2리,상안1리,신흥사,상안리.한국발효,육일2리.코스코밸리,육일리교차로,육일리마을회관,육일리.육교동입구,사강복지회관,사강시장,사강정형외과,봉가1리,돼지고개.삼존리물미,삼존리,슬항3리,구리섬휴게소,외국인보호소,마도사거리,재래시장.마도삼거리,두곡리,쌍송리입구.은장고개,남양육리.남양1동,우림아파트,남양성지,남양사거리,남양읍행정복지센터,동수원남양병원,북양1통.봉림사,북양1통.염티고개,양노3리,양노리,삼화리,천산아파트,비봉초등학교후문,비봉중고등학교,구포리과수원,쌍학리,숙곡리천불사,어천,51사단,원평,전승아파트,옥산마을,천천리,천천리입구,삼미.쌍용아파트,수영오거리.방송통신대입구,국립축산과학원,한국농수산대학,신일우남아파트,SK매직.우림그린빌리지,평생플러스빌,와우농협앞,와우2리,수원대학교,안녕4통,융건릉,타래치길,안녕자원앞,용주사,우남블루존.원광병원,남수원현대아파트,안녕농협삼거리,송산동입구,동문아파트,진안5통.병점육교,병점역후문,유엔아이,한일타운아파트,성호아파트,우남아파트,서동탄역신일해피트리(중),모아미래도.우림필유.평생학습관(중),풍성신미주아파트(중),다은마을(중),동탄홈플러스.다은마을삼성래미안,롯데캐슬.복합문화센터,동탄2동행정복지센터,반송고등학교,사랑의교회,동탄2신도시홍보관,반도5차,신미주아파트,리베라CC,한화.린스트라우스,동탄역(동측),롯데캐슬.포스코더샵,린스트라우스.한화,월드반도,반석초등학교,복합문화센터,동탄홈플러스,풍성신미주(중),안용중학교.현충탑,안녕자원,지킴이마을.타래치길,신일해피트리1차,우림그린빌리지,광도와이드빌.우남그린빌,구포3리,비봉초등학교후문.삼화3리,삼화리.천산아파트,은장고개,구리섬앞,삼존리자동차성능시험장,송산농협.사강정형외과,상안삼거리,서신,목성머리
13,롯데캐슬.포스코더샵,린스트라우스.한화,한화꿈에그린,한화.호반.대원,호반베르디움.롯데캐슬,대우푸르지오.반도유보라,신안2차.반도4차,모아.반도아파트,경남.반도1차,영천유.금성백조,영천초.계룡,자이.우남퍼스트빌,상록.테크노밸리.GS자이,한미약품.푸르지오,예당고사거리,전하리교회.우미제일,동탄이마트.한림대병원,예당마을.롯데캐슬(중),한빛마을.석우중학교(중),메타폴리스(중),다은마을(중),풍성신미주(중),모아미래도.우림필유.평생학습관(중),서동탄역신일해피트리(중),우남아파트,성호아파트,한일타운아파트,유엔아이,병점역후문,진안5통.병점육교,안용중학교.현충탑,송산동입구,안녕농협삼거리,남수원현대아파트,우남블루존.원광병원,용주사,안녕자원,지킴이마을.타래치길,융건릉,안녕4통,수원대학교,와우2리,와우농협앞,임광그대가3단지,효행초등학교,동화초중교,동화휴먼시아6단지,중심상가.화성고용센터,동화휴먼시아1단지.상봉초등학교,봉담택지지구,국민체육센터,봉담읍행정복지센터,삼봉마을.신안인스빌,광산,내리사거리,덕고개길,원평2리입구,원평,51사단,어천저수지,어천,숙곡리천불사,구포3리,구포리과수원,비봉중고등학교,비봉초등학교후문.삼화3리,천산아파트,삼화리.천산아파트,양노리,양노3리,북양1통.염티고개,북양1통,동수원남양병원,남양읍행정복지센터,남양사거리,기업은행,남양중고입구.기아남양점,양우내안애,화성시청,공군부대입구,대광아파트,남양뉴타운.양우내안애,남양중고교입구,북양1통.봉림사,삼화리,비봉초등학교후문,쌍학리,원평2리입구.은혜교회,상2리,봉담중.고등학교,동일하이빌.상봉초등학교,동일하이빌.화성고용센터,동화중학교.동화초등학교,주공5단지,타래치길,안녕자원앞,동문아파트,풍성신미주아파트(중),한빛마을(중),우남퍼스트빌.자이,계룡.영천초,금성백조.영천유,반도1차.경남,반도.모아아파트,반도유보라.대우푸르지오,한화.린스트라우스,동탄역(동측),,,,,,,,,,,,,,,,,,,,,,
14,전곡항,장외리.오리골,제부도입구,살고지입구,장외리.지긋말,장외리,광평삼거리,서신터미널,상안2리교차로,육일2리.코스코밸리,육일리마을회관,사강복지회관,사강시장,사강정형외과,외국인보호소,마도사거리,재래시장.마도삼거리,우림아파트,경기남부수협.보건소,남양성지,기업은행,남양중고입구.기아남양점,양우내안애,화성시청후문,남양아이파크,남양뉴타운1단지,남양뉴타운4단지,북양1통.염티고개,양노3리,양노리,남양뉴타운.양우내안애,남양중고교입구,송산농협.사강정형외과,코스코밸리아파트,서신,,,,,,,,,,,,,,,,,,,,,,,,,,,,,,,,,,,,,,,,,,,,,,,,,,,,,,,,,,,,,,,,,,,,,,,,,,,,,,,,,,,,,,,,,,,,,,
15,장외리.오리골,돈말입구,제부도입구,송교리(경유),개경촌,송교1리,큰말입구,장외리.지긋말,장외리,숲풀안앞,광평삼거리,느티나무앞,광평주유소,광평리,서신중학교후문,매화리,서신터미널,상안리삼거리,상안2리.SK주유소,상안1.2리,상안1리,신흥사,상안리.한국발효,육일2리.코스코밸리,육일리교차로,육일리마을회관,육일리.육교동입구,사강복지회관,사강시장,사강정형외과,봉가1리,돼지고개.삼존리물미,삼존리,슬항3리,구리섬휴게소,외국인보호소,마도사거리,재래시장.마도삼거리,두곡리,쌍송리입구.은장고개,남양육리.남양1동,우림아파트,경기남부수협.보건소,남양성지,남양사거리,남양읍행정복지센터,동수원남양병원,북양1통.봉림사,북양1통.염티고개,양노3리,양노리,천천리입구,삼미.쌍용아파트,북양1통,은장고개,구리섬앞,삼존리자동차성능시험장,송산농협.사강정형외과,서신,목성머리,살고지입구,제부해수탕,,,,,,,,,,,,,,,,,,,,,,,,,,,,,,,,,,,,,,,,,,,,,,,,,,,,,,,,,,,,,,,,,,,
16,전곡항,전곡항입구,구름교차로,전곡2리.산업단지,전곡삼거리,전곡삼거리마트,전곡2리마을회관.운천동,육일리.육교동입구,사강복지회관,사강시장,사강정형외과,봉가1리,돼지고개.삼존리물미,삼존리,슬항3리,구리섬휴게소,외국인보호소,마도사거리,재래시장.마도삼거리,두곡리,쌍송리입구.은장고개,남양육리.남양1동,우림아파트,경기남부수협.보건소,남양성지,남양사거리,남양읍행정복지센터,동수원남양병원,북양1통.봉림사,북양1통.염티고개,양노3리,양노리,천천리입구,삼미.쌍용아파트,북양1통,은장고개,구리섬앞,삼존리자동차성능시험장,송산농협.사강정형외과,육일1리.육도리,칠곡리,전곡1리.당고지,전곡1리.화성오일뱅크,전곡2리,,,,,,,,,,,,,,,,,,,,,,,,,,,,,,,,,,,,,,,,,,,,,,,,,,,,,,,,,,,,,,,,,,,,,,,,,,,,,,,,,,,,,
17,현대기아연구소,현대기아연구소(경유),온석2통앞,온석동입구,안장골입구,무송그린빌리지,무송1통마을입구,그린빌라.롤링힐스,롤링힐스,대광아파트,공군부대입구,화성시청,남양뉴타운.양우내안애,남양중고교입구,남양사거리,남양읍행정복지센터,동수원남양병원,북양1통.봉림사,북양1통.염티고개,양노3리,양노리,삼화리,천산아파트,비봉초등학교후문,비봉중고등학교,구포리과수원,쌍학리,숙곡리천불사,어천,어천저수지,51사단,원평,매송초등학교,전승아파트,옥산마을,천천리,천천리입구,구포3리,비봉초등학교후문.삼화3리,삼화리.천산아파트,북양1통,남양중고입구.기아남양점,양우내안애,무송교차로,,,,,,,,,,,,,,,,,,,,,,,,,,,,,,,,,,,,,,,,,,,,,,,,,,,,,,,,,,,,,,,,,,,,,,,,,,,,,,,,,,,,,
18,발안만세시장,발안리(경유),화성시보건소앞,동양빌딩앞,제암리,한국폴리텍대학,매곡리,해창1리.우리꽃식물원,월문온천,월문초등학교,월문리,화당리,서근리,서근리(느락골),석포삼거리,석포4리,석포2리,석포3리,금의3리,주곡1리,주곡1리입구,금의2리,경신공업사,주곡2리입구,화수2리,관음사입구,원안3리,원안2리,운평리,운평2리,조암4리앞,우정초등학교,금강아파트,조암터미널,,,,,,,,,,,,,,,,,,,,,,,,,,,,,,,,,,,,,,,,,,,,,,,,,,,,,,,,,,,,,,,,,,,,,,,,,,,,,,,,,,,,,,,,,,,,,,,
19,정남농협,정남도서관,정남초등학교,동남아파트,덕신상가,발산리,계양2리,정남농촌체험학교,문학4리,문학1리,문학주유소,효원납골공원,동오리종점,동오사거리,관리입구,관리고개,백토리상공회의소,행정리,상록하늘채,향남홈플러스,향남읍행정복지센터,화성중앙병원.발안초등학교,발안삼거리.바다마트,화성중고등학교,장짐삼거리,지월리입구,수목원,구장리새터말입구,구장1리,팔탄초등학교,팔탄면행정복지센터,마곡마을입구,구장삼거리,구장사거리.공구상가,하피랜드,율암삼거리,팔탄공단앞,율암2리.쇄네골,하저4리입구,하저3리.한미약품,수련개,금강포란재아파트정문,금광포란재아파트,무송2통.술현,무송교차로,무송그린빌리지,무송1통마을입구,그린빌라.롤링힐스,롤링힐스,대광아파트,공군부대입구,화성시청,남양뉴타운.양우내안애,남양중고교입구,기업은행,남양중고입구.기아남양점,양우내안애,하저4리,구장1리(새터말.율암리),KEB하나은행발안지점,발안초등학교,대방노블랜드,문학리,외골,문학4리.마을회관앞,계향2리,,,,,,,,,,,,,,,,,,,,,,,,,,,,,,,,,,,,,,,,,,,,,,,,,,,,,,,,,,,,,,,
20,발안만세시장,병점역,발안리(경유),화성보건소,화성시보건소앞,홈플러스,동양빌딩앞,신창미션힐.송화초교,제암리,동부출장소.병점초등학교,한국폴리텍대학,병점화남아파트,매곡리,진안동,해창1리.우리꽃식물원,롯데시네마,월문온천,주공11단지.우남퍼스트빌2차,월문초등학교,주공7.8단지,월문리,신미주아파트.주공6단지,화당리,쌍용상록아파트,서근리,능리교차로,서근리(느락골),아너스호텔,석포삼거리,반월2통,석포1리입구,반월초등학교,석포리,삼성반도체,석포5리,반월1통.빅마켓앞,석포5리마을회관앞,반월리큰고개,석포1리(돌서지),반달마을,석포1리(한절),석포6리입구,주곡리,주곡1리마을회관,주곡1리입구,금의2리,경신공업사,주곡2리입구,화수사거리,멱우1리,멱우2리,삼성전자,성지산업,멱우2리부대앞,한각리입구,SK뷰2차아파트,우정읍복지센터입구,신미주아파트앞,삼괴중고등학교,주공8단지,시장앞,주공10.11단지,조암터미널,중심상가,태안119안전센터,신한에스빌아파트,동부출장소앞,,,,,,,,,,,,,,,,,,,,,,,,,,,,,,,,,,,,,,,,,,,,,,,,,,,,,,,,,,,,,,
21,병점역,화성보건소,홈플러스,신창미션힐.송화초교,동부출장소.병점초등학교,병점화남아파트,진안동,롯데시네마,중심상가,안화초교.주공8.9단지,안화고등학교,주공6단지.신미주아파트,신미주아파트.주공6단지,풍성신미주,능동지성로사거리,이지더원.밀알교회,상록예가,능동마을입구,SK뷰파크,반월초등학교,삼성반도체,반월1통.빅마켓앞,빅마켓앞,삼성반도체후문,IT단지(중),한림대병원(중),대우푸르지오.예당고등학교,예당고사거리,전하리교회.우미제일,농서리,삼성전자,성지산업,반월2통,밀알교회,주공6단지,주공6단지입구,태안119안전센터,신한에스빌아파트,동부출장소앞,,,,,,,,,,,,,,,,,,,,,,,,,,,,,,,,,,,,,,,,,,,,,,,,,,,,,,,,,,,,,,,,,,,,,,,,,,,,,,,,,,,,,,,,,,
22,발안만세시장,발안리(경유),화성시보건소앞,우림아파트.화성노인회관,주공아파트,고주리.동방산업단지,덕천리삼거리,덕우리(구운말),안덕우리,팔탄전자앞,화성제일병원,덕우리입구,서근리,서근리(느락골),석포삼거리,석포1리입구,석포리,석포5리,석포5리마을회관앞,석포1리(돌서지),석포1리(한절),석포6리입구,주곡리,주곡1리마을회관,주곡1리입구,금의2리,경신공업사,주곡2리입구,화수사거리,멱우1리,멱우2리,멱우2리부대앞,한각리입구,우정읍복지센터입구,삼괴중고등학교,시장앞,조암터미널,,,,,,,,,,,,,,,,,,,,,,,,,,,,,,,,,,,,,,,,,,,,,,,,,,,,,,,,,,,,,,,,,,,,,,,,,,,,,,,,,,,,,,,,,,,,
23,발안만세시장,발안리(경유),화성시보건소앞,동양빌딩앞,제암리,한국폴리텍대학,매곡리,해창1리.우리꽃식물원,월문온천,월문초등학교,월문리,화당리,서근리,서근리(느락골),석포삼거리,석포1리입구,석포리,석포5리,석포5리마을회관앞,석포1리(돌서지),석포1리(한절),석포6리입구,석포6리(마파지),석포6리,석포교회,월문리온천입구,,,,,,,,,,,,,,,,,,,,,,,,,,,,,,,,,,,,,,,,,,,,,,,,,,,,,,,,,,,,,,,,,,,,,,,,,,,,,,,,,,,,,,,,,,,,,,,,,,,,,,,
24,반달마을,반월리,반월리큰고개,빅마켓앞,삼성반도체후문,IT단지(중),한림대병원(중),예당고사거리,한미약품.푸르지오,상록.테크노밸리.GS자이,우남퍼스트빌.자이,계룡.영천초,금성백조.영천유,반도1차.경남,반도.모아아파트,반도유보라.대우푸르지오,호반베르디움.롯데캐슬,한화.호반.대원,한화꿈에그린,리베라CC,공공청사부지,반도3.금강,레이크빌.하우스디더레이크,하우스디더레이크.우미린,방교초.레이크자이더테라스,산척리,DM디스플레이,장지천,우미린.하우스디더레이크,나래학교,의료시설부지,대우푸르지오.반도유보라,신안2차.반도4차,모아.반도아파트,경남.반도1차,영천유.금성백조,영천초.계룡,자이.우남퍼스트빌,전하리교회.우미제일,농서리,,,,,,,,,,,,,,,,,,,,,,,,,,,,,,,,,,,,,,,,,,,,,,,,,,,,,,,,,,,,,,,,,,,,,,,,,,,,,,,,,,,,,,,,,
25,동탄2차고지,자이파밀리에.LH29,금호어울림.계룡리슈빌,동탄호수공원,호수부영3차.우미린2차,나래학교,반도3.금강,의료시설부지,리베라CC,한화꿈에그린,한화.호반.대원,호반베르디움.롯데캐슬,대우푸르지오.반도유보라,신안2차.반도4차,모아.반도아파트,이주택지.상록.경남아파트,성원아파트.이지더원,동탄2파출소.농협,동원1차.센트럴상록,영천1동,센트럴상록.동원1차,상록.경남아파트.이주택지,반도.모아아파트,반도유보라.대우푸르지오,공공청사부지,레이크빌.하우스디더레이크,우미린2차.호수부영3차,계룡리슈빌.금호어울림,LH29.자이파밀리에,,,,,,,,,,,,,,,,,,,,,,,,,,,,,,,,,,,,,,,,,,,,,,,,,,,,,,,,,,,,,,,,,,,,,,,,,,,,,,,,,,,,,,,,,,,,,,,,,,,,
26,IT단지(중),한림대병원(중),예당고사거리,한미약품.푸르지오,센트럴상록.동원1차,동탄2파출소.농협,성원아파트.이지더원,상록.경남아파트.이주택지,반도.모아아파트,대우푸르지오.호반베르디움2차,청목초.신안1차,창의고,서희스타힐스.단독주택,호수부영1차,호수부영6차.호수공원행복주택,호수부영5차.아이파크,호수부영4차.아이파크,아이파크.호수부영4차,아이파크.호수부영5차,호수공원행복주택.호수부영6차,베라체.목동초,베라체아파트,예솔초.호반2차.대원2차,신안2차.반도4차,모아.반도아파트,이주택지.상록.경남아파트,동원1차.센트럴상록,전하리교회.우미제일,삼성반도체후문,,,,,,,,,,,,,,,,,,,,,,,,,,,,,,,,,,,,,,,,,,,,,,,,,,,,,,,,,,,,,,,,,,,,,,,,,,,,,,,,,,,,,,,,,,,,,,,,,,,,
27,병점역,발안삼거리.바다마트,화성보건소,화성중고등학교,홈플러스,장짐삼거리,신창미션힐.송화초교,지월리입구,동부출장소,수목원,신한에스빌아파트앞,구장리새터말입구,주공1.2단지,구장1리,주공4단지,팔탄초등학교,신창2차아파트,팔탄면행정복지센터,안화고등학교,마곡마을입구,인화초등학교앞사거리(마을),구장삼거리,주공7.8단지,구장사거리.공구상가,SK뷰2차아파트,하피랜드,율암삼거리,참누리아파트.기산중학교,율암드림마트앞,SK뷰파크3차,대방초교,행림마을.삼성래미안,명인제약,기산삼거리,노화1리,반월자이에뜨,노하2리,대우푸르지오,정미소앞,노하3리,노하3리.백미정,노하산업단지,노하할인마트,현대연구소입구,온석2통앞,온석2통,온석동입구,안장골입구,무송그린빌리지,무송1통마을입구,그린빌라.롤링힐스,롤링힐스,대광아파트,공군부대입구,화성시청,남양뉴타운.양우내안애,남양중고교입구,기업은행,남양중고입구.기아남양점,양우내안애,무송교차로,신미주아파트앞,주공5단지,우남퍼스트빌,신한에스빌아파트,동부출장소앞,구장1리(새터말.율암리),구종점,발안만세시장,,,,,,,,,,,,,,,,,,,,,,,,,,,,,,,,,,,,,,,,,,,,,,,,,,,,,,,,,,,,
28,발안삼거리.바다마트,화성중고등학교,장짐삼거리,지월리입구,수목원,구장리새터말입구,구장1리,팔탄초등학교,팔탄면행정복지센터,마곡마을입구,구장삼거리,구장사거리.공구상가,하피랜드,율암삼거리,율암드림마트앞,대방초교,명인제약,노화1리,노하2리,정미소앞,노하3리,노하3리.백미정,노하산업단지,노하할인마트,현대연구소입구,주유소앞,온석1동,하저3리.한미약품,수련개,금광포란재아파트,무송2통.술현,무송교차로,무송그린빌리지,무송1통마을입구,그린빌라.롤링힐스,롤링힐스,대광아파트,공군부대입구,화성시청,남양뉴타운.양우내안애,남양중고교입구,기업은행,남양중고입구.기아남양점,양우내안애,구장1리(새터말.율암리),구종점,발안만세시장,,,,,,,,,,,,,,,,,,,,,,,,,,,,,,,,,,,,,,,,,,,,,,,,,,,,,,,,,,,,,,,,,,,,,,,,,,,,,,,,,,
29,병점역,화성보건소,홈플러스,신창미션힐.송화초교,동부출장소.병점초등학교,화남아파트,월드메르디앙,다람산공원.진안도서관,미득골마을,진안초교,주공10단지,주공11단지후문,주공11단지.우남퍼스트빌2차,주공7.8단지,SK뷰2차아파트,참누리아파트.기산중학교,SK뷰파크3차,행림마을.삼성래미안,기산삼거리,반월자이에뜨,대우푸르지오,신영통현대아파트1단지,반월동행정복지센터,복지회관,신미주아파트앞,주공8단지,주공10.11단지,주공12단지,진안도서관.다람산공원,태안119안전센터,신한에스빌아파트,동부출장소앞,,,,,,,,,,,,,,,,,,,,,,,,,,,,,,,,,,,,,,,,,,,,,,,,,,,,,,,,,,,,,,,,,,,,,,,,,,,,,,,,,,,,,,,,,,,,,,,,,
30,우림주공아파트,화성시보건소앞,발안만세시장,발안삼거리.바다마트,KEB하나은행발안지점,발안초등학교,향남읍행정복지센터,향남홈플러스,대방노블랜드,대방노블랜드.풍림아이원,향남중고등학교,향남고등학교,한일베라체.행정초교,신영지웰아파트,단독주택단지,방축리,향남주공1.2단지,향남부영3단지,하길중학교,향남부영13단지,상신하길로주택,향남부영16단지,향남주공18단지,향남제약공단앞,제약공단후문.구문천1리입구,구문천리,외국인복지센터,구문천공원,발안산업단지,구문천1리진입로,메탈산업단지,상신할인마트,신영지웰,화성소방서.향남홈플러스,화성중앙병원.발안초등학교,바다마트,우림아파트.화성노인회관,,,,,,,,,,,,,,,,,,,,,,,,,,,,,,,,,,,,,,,,,,,,,,,,,,,,,,,,,,,,,,,,,,,,,,,,,,,,,,,,,,,,,,,,,,,,
31,발안삼거리.바다마트,화성중고등학교,장짐삼거리,지월리입구,수목원,구장리새터말입구,구장1리,팔탄초등학교,팔탄면행정복지센터,마곡마을입구,구장삼거리,구장사거리.공구상가,하피랜드,율암삼거리,팔탄공단앞,율암2리.쇄네골,하저4리입구,하저3리.한미약품,수련개,금광포란재아파트,무송2통.술현,무송교차로,무송그린빌리지,무송1통마을입구,그린빌라.롤링힐스,롤링힐스,대광아파트,공군부대입구,화성시청,남양뉴타운.양우내안애,남양중고교입구,기업은행,남양사거리,남양읍행정복지센터,남양도서관.동광뷰엘,남양중고입구.기아남양점,양우내안애,하저4리,구장1리(새터말.율암리),KEB하나은행발안지점,발안초등학교,향남읍행정복지센터,향남환승터미널,주공7단지,도이초교.향토박물관,대방노블랜드.풍림아이원,향남중고등학교,향남고등학교,한일베라체.행정초교,신영지웰아파트,에일린의뜰.휴먼시아6단지,신명스카이뷰.휴먼시아5단지,신명스카이뷰.우미린,우미린아파트.향일고,신영지웰2차아파트,화성소방서.향남홈플러스,화성중앙병원.발안초등학교,,,,,,,,,,,,,,,,,,,,,,,,,,,,,,,,,,,,,,,,,,,,,,,,,,,,,,,,,,,,,,,,,,,,,,,,
32,제암리독립기념관,제암리입구,한국폴리텍대학,고주리.동방산업단지,발안주공아파트,우림주공아파트,화성시보건소앞,발안만세시장,발안삼거리.바다마트,KEB하나은행발안지점,발안초등학교,향남읍행정복지센터,향남홈플러스,대방노블랜드,대방노블랜드.풍림아이원,향남중고등학교,향남고등학교,한일베라체.행정초교,신영지웰아파트,단독주택단지,방축리,향남주공2단지,하길중학교,향남모아엘가아파트,향남부영11단지,향남부영10.11단지,신영지웰,화성소방서.향남홈플러스,화성중앙병원.발안초등학교,바다마트,주공아파트,,,,,,,,,,,,,,,,,,,,,,,,,,,,,,,,,,,,,,,,,,,,,,,,,,,,,,,,,,,,,,,,,,,,,,,,,,,,,,,,,,,,,,,,,,,,,,,,,,
33,향남부영10.11단지,향남부영11단지,향남모아8단지,롯데씨네마.향남부영7,향남부영3단지,향남주공1.2단지,방축리,단독주택단지,신영지웰,화성소방서.향남홈플러스,향남읍행정복지센터,화성중앙병원.발안초등학교,발안삼거리.바다마트,화성중고등학교,장짐삼거리,지월리입구,수목원,구장리새터말입구,구장1리,팔탄초등학교,팔탄면행정복지센터,마곡마을입구,구장삼거리,구장사거리.공구상가,하피랜드,율암삼거리,팔탄공단앞,율암2리.쇄네골,하저4리입구,하저3리.한미약품,수련개,금광포란재아파트,무송2통.술현,무송교차로,무송그린빌리지,무송1통마을입구,그린빌라.롤링힐스,롤링힐스,대광아파트,공군부대입구,화성시청,남양뉴타운.양우내안애,남양중고교입구,기업은행,남양중고입구.기아남양점,양우내안애,하저4리,구장1리(새터말.율암리),KEB하나은행발안지점,발안초등학교,에일린의뜰,향남부영7.롯데씨네마,,,,,,,,,,,,,,,,,,,,,,,,,,,,,,,,,,,,,,,,,,,,,,,,,,,,,,,,,,,,,,,,,,,,,,,,,,,,,
34,향남부영10.11단지,향남부영11단지,향남모아엘가아파트,하길중학교,향남부영3단지,향남주공1.2단지,방축리,단독주택단지,신영지웰,화성소방서.향남홈플러스,향남읍행정복지센터,화성중앙병원.발안초등학교,발안삼거리.바다마트,화성중고등학교,장짐삼거리,지월리입구,수목원,구장리새터말입구,구장1리,팔탄초등학교,팔탄면행정복지센터,마곡마을입구,구장삼거리,구장사거리.공구상가,하피랜드,율암삼거리,팔탄공단앞,율암2리.쇄네골,하저4리입구,하저3리.한미약품,수련개,금광포란재아파트,무송2통.술현,무송교차로,무송그린빌리지,무송1통마을입구,그린빌라.롤링힐스,롤링힐스,대광아파트,공군부대입구,화성시청,남양뉴타운.양우내안애,남양중고교입구,기업은행,남양중고입구.기아남양점,양우내안애,하저4리,구장1리(새터말.율암리),KEB하나은행발안지점,발안초등학교,에일린의뜰,,,,,,,,,,,,,,,,,,,,,,,,,,,,,,,,,,,,,,,,,,,,,,,,,,,,,,,,,,,,,,,,,,,,,,,,,,,,,,
35,향남주공18단지,향남부영16단지,상신하길로주택,향남부영13단지,하길중학교,향남주공5단지입구,하길초등학교,향남주공5단지,향남부영3단지,향남주공1.2단지,방축리,단독주택단지,신영지웰아파트,한일베라채,향남고등학교,향남중고등학교,대방노블랜드.풍림아이원,상록하늘채,향남홈플러스,향남읍행정복지센터,화성중앙병원.발안초등학교,발안삼거리,화성그린환경센터,관리고개,KEB하나은행발안지점,발안초등학교,대방노블랜드,한일베라체.행정초교,,,,,,,,,,,,,,,,,,,,,,,,,,,,,,,,,,,,,,,,,,,,,,,,,,,,,,,,,,,,,,,,,,,,,,,,,,,,,,,,,,,,,,,,,,,,,,,,,,,,,
36,향남주공18단지,향남부영16단지,상신하길로주택,향남부영13단지,하길중학교,향남부영3단지,향남주공1.2단지,방축리,단독주택단지,에일린의뜰.휴먼시아6단지,신명스카이뷰.휴먼시아5단지,신명스카이뷰.우미린,우미린아파트.향일고,신영지웰2차아파트,화성소방서.향남홈플러스,향남읍행정복지센터,화성중앙병원.발안초등학교,발안사거리.평리,발안삼거리.바다마트,화성중고등학교,KEB하나은행발안지점,발안초등학교,신명스카이뷰,,,,,,,,,,,,,,,,,,,,,,,,,,,,,,,,,,,,,,,,,,,,,,,,,,,,,,,,,,,,,,,,,,,,,,,,,,,,,,,,,,,,,,,,,,,,,,,,,,,,,,,,,,
37,화성중고등학교,발안삼거리.바다마트,KEB하나은행발안지점,발안초등학교,향남읍행정복지센터,향남홈플러스,대방노블랜드,행정리,백토리상공회의소,안골목장,향남초등학교,백토리사거리,백토1리,한미공조앞,요리공단,요꼴마을회관,요꼴낚시터,까치고개,배밭,송산리입구.부처내고개,원슈퍼.삼거리,부처내,삼거리.원슈퍼.원마트,요리,현대공조,상록하늘채,화성중앙병원.발안초등학교,발안사거리.평리,,,,,,,,,,,,,,,,,,,,,,,,,,,,,,,,,,,,,,,,,,,,,,,,,,,,,,,,,,,,,,,,,,,,,,,,,,,,,,,,,,,,,,,,,,,,,,,,,,,,,
38,조암터미널,조암리(경유),어은삼거리,어은4리,장안면행정복지센터,사랑리,덕다2리앞,덕다리입구,덕다1리,덕다3리,덕다3리.문화촌,덕다리(경유),덕다2리앞(구래),장안초등학교,조암GS주유소,,,,,,,,,,,,,,,,,,,,,,,,,,,,,,,,,,,,,,,,,,,,,,,,,,,,,,,,,,,,,,,,,,,,,,,,,,,,,,,,,,,,,,,,,,,,,,,,,,,,,,,,,,,,,,,,,,
39,조암터미널,조암리(경유),어은삼거리,어은4리,장안면행정복지센터,사랑리,덕다2리앞,덕다리입구,독정1리,독정삼거리,독정2리,독정5리마을회관,장안9리,장안7리,장안6리,장안6리노인회관,장안6리.물구리,장명초교입구,장안9리입구,삼주농장입구,덕다2리앞(구래),장안초등학교,조암GS주유소,,,,,,,,,,,,,,,,,,,,,,,,,,,,,,,,,,,,,,,,,,,,,,,,,,,,,,,,,,,,,,,,,,,,,,,,,,,,,,,,,,,,,,,,,,,,,,,,,,,,,,,,,,
40,영통아이파크캐슬2단지.래미안영통마크원1단지,신영통현대타운.두산위브,반월리큰고개,빅마켓앞,삼성반도체후문,IT단지(중),한림대병원(중),예당고사거리,한미약품.푸르지오,상록.테크노밸리.GS자이,우남퍼스트빌,롯데캐슬.포스코더샵,동탄역(서측),포스코더샵.롯데캐슬,우남퍼스트빌.자이,계룡.영천초,금성백조.영천유,반도1차.경남,무봉초,단독주택,일진정공,상록골프장,만의사.마을회관,치동천힐링마을,경남.반도1차,영천유.금성백조,영천초.계룡,동탄역(동측),전하리교회.우미제일,농서리,래미안영통마크원1단지.영통아이파크캐슬2단지,,,,,,,,,,,,,,,,,,,,,,,,,,,,,,,,,,,,,,,,,,,,,,,,,,,,,,,,,,,,,,,,,,,,,,,,,,,,,,,,,,,,,,,,,,,,,,,,,,
41,조암터미널,조암삼거리(경유),조암8리,우정초등학교,조암4리앞,조암하수처리장,화산2리마을회관,장포정원주택,화산삼거리,기아생활관,장자터,사곡1리,장안우체국,사곡6리,장안여자중학교,,,,,,,,,,,,,,,,,,,,,,,,,,,,,,,,,,,,,,,,,,,,,,,,,,,,,,,,,,,,,,,,,,,,,,,,,,,,,,,,,,,,,,,,,,,,,,,,,,,,,,,,,,,,,,,,,,
42,조암터미널,병점역사거리,조암리(경유),홈플러스.벌말초교,시장앞,한신아파트,삼괴중고등학교,구봉산근린공원,우정읍복지센터입구,성호아파트후문,한각리입구,우남아파트,멱우3리,신일해피트리아파트,저수지앞,두산신일아파트,한각1리,모아포스코아파트,원안3리,동탄고등학교,원안2리,숲속자연앤,화수3리,능동은행사거리,화수초등학교,센트럴파크,화수2리,금호어울림,화수농원,메타폴리스(중),화수2리입구,동탄홈플러스.다은마을삼성래미안,화수3리입구,롯데캐슬.복합문화센터,화수3리노인회관,동탄2동행정복지센터,반송고등학교,사랑의교회,화수농원앞,동탄2신도시홍보관,주곡2리(회차),반도5차,화수사거리,멱우1리,업무복합부지,멱우2리,반도6차,멱우2리부대앞,치동초등학교,상록.테크노밸리.GS자이,우남퍼스트빌,롯데캐슬.포스코더샵,동탄역(동측),월드반도,반석초등학교,복합문화센터,동탄홈플러스,한화꿈에그린아파트,자연앤아너스빌,신창미션힐,신창미션힐.송화초교,,,,,,,,,,,,,,,,,,,,,,,,,,,,,,,,,,,,,,,,,,,,,,,,,,,,,,,,,,,,,,,,,,,,
43,병점역,화성보건소,홈플러스,한신아파트,구봉산근린공원,성호아파트후문,우남아파트,신일해피트리아파트,푸른마을.두산위브,나래울,모아미래도.자연앤,자연앤데시앙,한마음초교.광명메이루즈,모아미래도아파트,숲속자연앤,능동은행사거리,센트럴파크,금호어울림,메타폴리스,동양파라곤,롯데캐슬.복합문화센터,동탄2동행정복지센터,솔빛동탄경남아너스빌,동탄복합문화센터,화성미디어센터,동탄119안전센터,현대아이파크,한화꿈에그린아파트,자연앤아너스빌,자연앤아너스빌.한마음초교,신창미션힐,신창미션힐.송화초교,,,,,,,,,,,,,,,,,,,,,,,,,,,,,,,,,,,,,,,,,,,,,,,,,,,,,,,,,,,,,,,,,,,,,,,,,,,,,,,,,,,,,,,,,,,,,,,,,
44,조암터미널,조암삼거리(경유),장안여자중학교,사곡6리,장안우체국,사곡1리,장자터,기아생활관,화산삼거리,화산1리,석천2리입구,매향2리,매향3리입구,노루물입구,매향3리회센터,매향3리선착장,궁평항(회차),매향3리.가로지입구,화산1리입구,,,,,,,,,,,,,,,,,,,,,,,,,,,,,,,,,,,,,,,,,,,,,,,,,,,,,,,,,,,,,,,,,,,,,,,,,,,,,,,,,,,,,,,,,,,,,,,,,,,,,,,,,,,,,,
45,조암터미널,조암삼거리(경유),호수부영1차,장안여자중학교,사곡6리,사곡5리,금강팬테리움2차,사곡2리,노진4리,센트럴힐즈.금강,노진초등학교,반도유보라,노진2리(노인정),반도3.금강,노진2리,레이크빌.하우스디더레이크,노진5리,하우스디더레이크.우미린,노진3리,방교초.레이크자이더테라스,노진리종점,동탄6동복지센터입구,방교동,노진5,신리천,행복주택,에일린의뜰.중흥S클래스에코밸리,이화4리,나루마을.월드반도,신도브레뉴아파트,노진리,새강주공휴먼시아,육탄10용사기념공원,주공휴먼시아후문,풍성신미주(중),모아미래도.우림필유.평생학습관(중),서동탄역신일해피트리(중),우남아파트,성호아파트,송화초교.양우내안애,신창미션힐.송화초교,병점역사거리,홈플러스.벌말초교,풍성신미주아파트(중),한화꿈에그린,나루마을.한화꿈에그린2차,탄요유적공원,우미린.하우스디더레이크,나래학교,금강.센트럴힐즈,호반베르디움3차,,,,,,,,,,,,,,,,,,,,,,,,,,,,,,,,,,,,,,,,,,,,,,,,,,,,,,,,,,,,,,,,,,,,,,,,,,,,,,
46,호반3차.창의고,신리입구,베라체.목동초,베라체아파트,예솔초.호반2차.대원2차,신안2차.반도4차,모아.반도아파트,경남.반도1차,영천유.금성백조,영천초.계룡,우남퍼스트빌,롯데캐슬.포스코더샵,린스트라우스.한화,리베라CC,동탄초교,행복주택,에일린의뜰.중흥S클래스에코밸리,동양파라곤,나루고등학교,반송초중교,육탄10용사기념공원,주공휴먼시아후문,풍성신미주(중),모아미래도.우림필유.평생학습관(중),서동탄역신일해피트리(중),우남아파트,성호아파트,송화초교.양우내안애,신창미션힐.송화초교,병점역사거리,홈플러스.벌말초교,풍성신미주아파트(중),한화.린스트라우스,포스코더샵.롯데캐슬,우남퍼스트빌.자이,계룡.영천초,금성백조.영천유,반도1차.경남,반도.모아아파트,대우푸르지오.호반베르디움2차,청목초.신안1차,호반베르디움3차,,,,,,,,,,,,,,,,,,,,,,,,,,,,,,,,,,,,,,,,,,,,,,,,,,,,,,,,,,,,,,,,,,,,,,,,,,,,,,,,,,,,,,,
47,장지동,호반6차,롯데캐슬.제일풍경채,자이파밀리에,산척리,동탄6동복지센터입구,방교동,신리천,행복주택,나루마을.월드반도,신도브레뉴아파트,쌍용예가,솔빛마을.서해.쌍용아파트,풍성신미주(중),우림필유,모아포스코아파트,두산신일아파트,성호아파트,송화초교.양우내안애,신창미션힐.송화초교,병점역사거리,홈플러스.벌말초교,모아미래도,풍성신미주아파트(중),새강마을.휴먼시아,새강주공휴먼시아,나루마을.한화꿈에그린2차,탄요유적공원,신미주아파트,DM디스플레이,레이크반도9차,동탄2아이파크1단지,동탄2아이파크2단지,장지동농협,,,,,,,,,,,,,,,,,,,,,,,,,,,,,,,,,,,,,,,,,,,,,,,,,,,,,,,,,,,,,,,,,,,,,,,,,,,,,,,,,,,,,,,,,,,,,,,
48,이주택지.상록.경남아파트,성원아파트.이지더원,동탄2파출소.농협,상록.테크노밸리.GS자이,우남퍼스트빌,롯데캐슬.포스코더샵,동탄역(동측),린스트라우스.한화,리베라CC,동탄초교,행복주택,에일린의뜰.중흥S클래스에코밸리,나루마을.월드반도,신도브레뉴아파트,쌍용예가,솔빛마을.서해.쌍용아파트,풍성신미주(중),모아미래도.우림필유.평생학습관(중),서동탄역신일해피트리(중),우남아파트,성호아파트,송화초교.양우내안애,신창미션힐.송화초교,병점역사거리,홈플러스.벌말초교,풍성신미주아파트(중),새강마을.휴먼시아,새강주공휴먼시아,나루마을.한화꿈에그린2차,탄요유적공원,한화.린스트라우스,동탄역(서측),포스코더샵.롯데캐슬,센트럴상록.동원1차,상록.경남아파트.이주택지,,,,,,,,,,,,,,,,,,,,,,,,,,,,,,,,,,,,,,,,,,,,,,,,,,,,,,,,,,,,,,,,,,,,,,,,,,,,,,,,,,,,,,,,,,,,,,
49,조암터미널,조암삼거리(경유),장안여자중학교,사곡6리,장안우체국,사곡1리,장자터,기아생활관,화산삼거리,화산1리,석천2리입구,매향2리,양지편,기아후문입구,매향,고온리종점,고온리종점(경유),매향삼거리,화산1리입구,우정읍행정복지센터,삼괴중고교,조암GS주유소,,,,,,,,,,,,,,,,,,,,,,,,,,,,,,,,,,,,,,,,,,,,,,,,,,,,,,,,,,,,,,,,,,,,,,,,,,,,,,,,,,,,,,,,,,,,,,,,,,,,,,,,,,,
50,조암터미널,조암삼거리(경유),장안여자중학교,사곡6리,장안우체국,사곡1리,장자터,기아생활관,화산삼거리,화산1리,석천2리입구,매향2리,양지편,기아후문입구,매향,고온리종점,매향삼거리,인제카센터,매향4리,석천3리,매향리,화산1리입구,,,,,,,,,,,,,,,,,,,,,,,,,,,,,,,,,,,,,,,,,,,,,,,,,,,,,,,,,,,,,,,,,,,,,,,,,,,,,,,,,,,,,,,,,,,,,,,,,,,,,,,,,,,
51,조암터미널,조암삼거리(경유),장안여자중학교,사곡6리,장안우체국,사곡1리,장자터,기아생활관,화산삼거리,화산1리,석천2리입구,매향2리,매향리,석천3리,석천4리종점,농장축산,석천리,돌담학습체험장,목조마을,석천1리마을회관,석천초등학교,석천1리포도원,기아2차아파트앞,,,,,,,,,,,,,,,,,,,,,,,,,,,,,,,,,,,,,,,,,,,,,,,,,,,,,,,,,,,,,,,,,,,,,,,,,,,,,,,,,,,,,,,,,,,,,,,,,,,,,,,,,,
52,조암터미널,조암삼거리(경유),장안여자중학교,사곡6리,장안우체국,사곡1리,장자터,기아생활관,화산삼거리,화산1리,화산1리마을회관,화산1리종점,석천2리입구,매향2리,양지편,기아후문입구,매향,고온리종점,매향삼거리,화산1리입구,,,,,,,,,,,,,,,,,,,,,,,,,,,,,,,,,,,,,,,,,,,,,,,,,,,,,,,,,,,,,,,,,,,,,,,,,,,,,,,,,,,,,,,,,,,,,,,,,,,,,,,,,,,,,
53,조암터미널,조암삼거리(경유),장안여자중학교,사곡6리,장안우체국,사곡1리,장자터,기아생활관,화산삼거리,화산1리,화산1리마을회관,화산1리종점,,,,,,,,,,,,,,,,,,,,,,,,,,,,,,,,,,,,,,,,,,,,,,,,,,,,,,,,,,,,,,,,,,,,,,,,,,,,,,,,,,,,,,,,,,,,,,,,,,,,,,,,,,,,,,,,,,,,,
54,조암터미널,조암삼거리(경유),장안여자중학교,사곡6리,장안우체국,사곡1리,장자터,기아생활관,화산삼거리,기아2차아파트앞,석천1리포도원,두레자연중고등학교,이화1리마을회관(회차),이화1리,이화2리앞(이화병원),이화3리입구,슈마타운,애덕가정,이화리종점,애덕의.가정,이화2리앞,이화1리앞,두레자연중고교,,,,,,,,,,,,,,,,,,,,,,,,,,,,,,,,,,,,,,,,,,,,,,,,,,,,,,,,,,,,,,,,,,,,,,,,,,,,,,,,,,,,,,,,,,,,,,,,,,,,,,,,,,
55,사강종점,사강복지회관,송산중학교,은진화학,중송1리,마산1리,마산1리.청촌농원,마산1리마을회관,신흥유원지,마산초교,마산2리,고포3리,고포2리,약방앞,고포1리,마산포,사강시장,사강정형외과,,,,,,,,,,,,,,,,,,,,,,,,,,,,,,,,,,,,,,,,,,,,,,,,,,,,,,,,,,,,,,,,,,,,,,,,,,,,,,,,,,,,,,,,,,,,,,,,,,,,,,,,,,,,,,,
56,사강종점,사강복지회관,송산중학교,은진화학,중송1리,마산1리,마산1리.청촌농원,마산1리마을회관,신흥유원지,마산초교,마산2리,고포3리,고포2리,약방앞,고포1리,마산포,어도종점,어도펜션,마산포종점,사강시장,사강정형외과,,,,,,,,,,,,,,,,,,,,,,,,,,,,,,,,,,,,,,,,,,,,,,,,,,,,,,,,,,,,,,,,,,,,,,,,,,,,,,,,,,,,,,,,,,,,,,,,,,,,,,,,,,,,
57,사강종점,사강복지회관,송산중학교,은진화학,중송1리,마산1리,마산1리.청촌농원,마산1리마을회관,신흥유원지,마산초교,마산2리,고포3리,고포2리,약방앞,고포1리,마산포,어도종점,어도펜션,마산포종점,사강시장,사강정형외과,,,,,,,,,,,,,,,,,,,,,,,,,,,,,,,,,,,,,,,,,,,,,,,,,,,,,,,,,,,,,,,,,,,,,,,,,,,,,,,,,,,,,,,,,,,,,,,,,,,,,,,,,,,,
58,사강종점,사강복지회관,육일리.육교동입구,육일리마을회관,육일리교차로,백곡2리,백곡1리,고모교회앞,고모1리,고모2리,청원낚시터앞,청원3리입구,청원1리마을회관,청원초등학교,세종슈퍼앞,슬항1리.절골,화도중학교입구,마도소방서,외국인보호소,구리섬앞,구리섬휴게소,삼존리자동차성능시험장,돼지고개.삼존리물미,봉가1리,사강정형외과,,,,,,,,,,,,,,,,,,,,,,,,,,,,,,,,,,,,,,,,,,,,,,,,,,,,,,,,,,,,,,,,,,,,,,,,,,,,,,,,,,,,,,,,,,,,,,,,,,,,,,,,
59,사강종점,사강복지회관,송산중학교,사강3리.양짓말,인애농원앞,각골입구,천등1리.등굴,천등3리.새말,독지1리.돌내입구,독지2리.문지마을,독지리종점,사강시장,사강정형외과,,,,,,,,,,,,,,,,,,,,,,,,,,,,,,,,,,,,,,,,,,,,,,,,,,,,,,,,,,,,,,,,,,,,,,,,,,,,,,,,,,,,,,,,,,,,,,,,,,,,,,,,,,,,,,,,,,,,
60,사강종점,사강복지회관,육일리.육교동입구,육일리마을회관,육일리교차로,백곡2리,육일2리.코스코밸리,사강시장,사강정형외과,,,,,,,,,,,,,,,,,,,,,,,,,,,,,,,,,,,,,,,,,,,,,,,,,,,,,,,,,,,,,,,,,,,,,,,,,,,,,,,,,,,,,,,,,,,,,,,,,,,,,,,,,,,,,,,,,,,,,,,,
61,사강종점,사강정형외과,봉가1리,돼지고개.삼존리물미,삼존리,슬항3리,외국인보호소,마도소방서,마도농협,마도초등학교,역말,마리실,슬항1리.절골,세종슈퍼앞,청원초등학교,청원교회,금당공단앞,금당2리,금당1리.소곡,백곡2리,백곡1리,고모교회앞,고모1리,흥법리모래지,흥법리마을회관,고모2리,청원낚시터앞,청원3리입구,청원1리마을회관,화도중학교입구,구리섬앞,구리섬휴게소,삼존리자동차성능시험장,,,,,,,,,,,,,,,,,,,,,,,,,,,,,,,,,,,,,,,,,,,,,,,,,,,,,,,,,,,,,,,,,,,,,,,,,,,,,,,,,,,,,,,,,,,,,,,,
62,사강종점,사강복지회관,송산중학교,사강3리,쌍정리,쌍정2리.잿말,쌍정2리,용포2리.영계,용포2리,용포1리.당뫼,용포1리,고정2리.고잔,고정2리,정보화마을,고정1리.큰한뿌리,고정4리,쌍정1리.복우물,사강시장,사강정형외과,,,,,,,,,,,,,,,,,,,,,,,,,,,,,,,,,,,,,,,,,,,,,,,,,,,,,,,,,,,,,,,,,,,,,,,,,,,,,,,,,,,,,,,,,,,,,,,,,,,,,,,,,,,,,,
63,사강종점,사강복지회관,송산중학교,사강3리,쌍정리,쌍정2리.잿말,쌍정2리,용포2리.영계,용포2리,용포1리.당뫼,용포1리,고정2리.고잔,고정2리,정보화마을,고정1리.큰한뿌리,고정4리,쌍정1리.복우물,신천리보건소,천등3리,사강시장,사강정형외과,,,,,,,,,,,,,,,,,,,,,,,,,,,,,,,,,,,,,,,,,,,,,,,,,,,,,,,,,,,,,,,,,,,,,,,,,,,,,,,,,,,,,,,,,,,,,,,,,,,,,,,,,,,,
64,사강종점,사강복지회관,송산중학교,사강3리,쌍정리,쌍정2리.잿말,쌍정2리,용포2리.영계,용포2리,용포1리.당뫼,용포1리,고정2리.고잔,공룡알화석지,고정2리,정보화마을,고정1리.큰한뿌리,고정4리,쌍정1리.복우물,사강시장,사강정형외과,,,,,,,,,,,,,,,,,,,,,,,,,,,,,,,,,,,,,,,,,,,,,,,,,,,,,,,,,,,,,,,,,,,,,,,,,,,,,,,,,,,,,,,,,,,,,,,,,,,,,,,,,,,,,
65,사강종점,사강복지회관,송산중학교,사강3리,쌍정리,쌍정2리.잿말,쌍정2리,신천리보건소,천등3리,쌍정1리.복우물,고정4리,고정1리.큰한뿌리,정보화마을,고정2리.고잔,고정2리,사강시장,사강정형외과,,,,,,,,,,,,,,,,,,,,,,,,,,,,,,,,,,,,,,,,,,,,,,,,,,,,,,,,,,,,,,,,,,,,,,,,,,,,,,,,,,,,,,,,,,,,,,,,,,,,,,,,,,,,,,,,
66,사강종점,사강복지회관,송산중학교,사강3리,쌍정리,쌍정2리.잿말,쌍정2리,신천리보건소,천등3리,쌍정1리.복우물,고정4리,정보화마을,고정2리.고잔,공룡알화석지,고정2리,고정1리.큰한뿌리,사강시장,사강정형외과,,,,,,,,,,,,,,,,,,,,,,,,,,,,,,,,,,,,,,,,,,,,,,,,,,,,,,,,,,,,,,,,,,,,,,,,,,,,,,,,,,,,,,,,,,,,,,,,,,,,,,,,,,,,,,,
67,사강종점,사강복지회관,육일리.육교동입구,육일1리.육도리,칠곡리,전곡1리.당고지,전곡1리.화성오일뱅크,전곡2리마을회관.운천동,전곡삼거리마트,하내연수원,쟁이골,광평리.고래몰,광평삼거리,느티나무앞,광평주유소,광평리,상안리,서신중학교후문,매화리,서신초등학교,삼밭골,각골,홍법리,사곳리마을회관,사곳리.개내기,용두리,용두1리,왕모대,용두1리.왕모대입구,홍법리마을회관,목성머리,사강시장,사강정형외과,,,,,,,,,,,,,,,,,,,,,,,,,,,,,,,,,,,,,,,,,,,,,,,,,,,,,,,,,,,,,,,,,,,,,,,,,,,,,,,,,,,,,,,,,,,,,,,,
68,사강종점,사강복지회관,사강시장,사강정형외과,봉가1리,돼지고개.삼존리물미,삼존리,슬항3리,외국인보호소,마도사거리,재래시장.마도삼거리,두곡리,은장공단,쌍송공단입구,쌍송공단,은장슈퍼,마도교차로,마도할인마트,남양타운,남양육리.남양1동,우림아파트,경기남부수협.보건소,기업은행,남양중고입구.기아남양점,양우내안애,화성시청,공군부대입구,대광아파트,남양뉴타운.양우내안애,남양중고교입구,구리섬앞,구리섬휴게소,삼존리자동차성능시험장,,,,,,,,,,,,,,,,,,,,,,,,,,,,,,,,,,,,,,,,,,,,,,,,,,,,,,,,,,,,,,,,,,,,,,,,,,,,,,,,,,,,,,,,,,,,,,,,
69,사강종점,사강복지회관,육일리.육교동입구,육일리마을회관,육일리교차로,코스코밸리아파트,상안2리교차로,상안2리.SK주유소,상안삼거리,서신초등학교,서신사거리,삼밭골,각골,홍법리,홍법리마을회관,사곳리마을회관,사곳리.개내기,왕모대,해운교차로,궁평보건지소,용두2리,백미리입구,백석,백석로입구,영지,사곳입구,서신면행정복지센터,서신터미널,비우물,상안리삼거리,육일2리.코스코밸리,사강시장,사강정형외과,봉가1리,돼지고개.삼존리물미,삼존리,슬항3리,외국인보호소,마도사거리,재래시장.마도삼거리,두곡리,은장공단,쌍송공단입구,쌍송공단,은장슈퍼,마도교차로,마도할인마트,남양타운,남양육리.남양1동,우림아파트,경기남부수협.보건소,기업은행,남양중고입구.기아남양점,양우내안애,화성시청,공군부대입구,대광아파트,남양뉴타운.양우내안애,남양중고교입구,구리섬앞,구리섬휴게소,삼존리자동차성능시험장,,,,,,,,,,,,,,,,,,,,,,,,,,,,,,,,,,,,,,,,,,,,,,,,,,,,,,,,,,,,,,,,,,,
70,사강종점,사강정형외과,봉가1리,돼지고개.삼존리물미,삼존리,슬항3리,외국인보호소,마도소방서,마도농협,슬항1리.절골,세종슈퍼앞,청원초등학교,청원1리마을회관,청원3리입구,마도산업단지,쌍송2리.산업단지내,마도유통상가앞,쌍송1리앞,마도교차로,마도할인마트,남양타운,남양육리.남양1동,우림아파트,경기남부수협.보건소,남양성지,쌍송2리앞,바이오단지입구,화도중학교입구,구리섬앞,구리섬휴게소,삼존리자동차성능시험장,,,,,,,,,,,,,,,,,,,,,,,,,,,,,,,,,,,,,,,,,,,,,,,,,,,,,,,,,,,,,,,,,,,,,,,,,,,,,,,,,,,,,,,,,,,,,,,,,,
71,사강종점,사강정형외과,봉가1리,돼지고개.삼존리물미,삼존3리,슬항3리,외국인보호소,마도소방서,마도농협,슬항1리.절골,세종슈퍼앞,청원초등학교,청원1리마을회관,청원3리입구,마도산업단지,쌍송2리.산업단지내,마도유통상가앞,쌍송1리앞,마도교차로,마도할인마트,남양타운,남양육리.남양1동,우림아파트,경기남부수협.보건소,남양성지,쌍송2리앞,바이오단지입구,화도중학교입구,구리섬앞,구리섬휴게소,삼존리자동차성능시험장,,,,,,,,,,,,,,,,,,,,,,,,,,,,,,,,,,,,,,,,,,,,,,,,,,,,,,,,,,,,,,,,,,,,,,,,,,,,,,,,,,,,,,,,,,,,,,,,,,
72,호수부영1차,금강팬테리움2차,센트럴힐즈.금강,반도유보라,반도3.금강,의료시설부지,리베라CC,한화.린스트라우스,동탄역(동측),우남퍼스트빌,상록.테크노밸리.GS자이,한미약품.푸르지오,예당고사거리,예당예원초,롯데케슬정문,동탄1동행정복지센터,현대아이파크,한화꿈에그린아파트,센트럴파크,능동은행사거리,미즈파크병원,크리스찬교회,이지더원,밀알교회,주공6단지입구,주공5단지,주공4단지,병점고등학교,신창미션힐,신창미션힐.송화초교,병점정형외과(경유),병점역사거리,홈플러스.벌말초교,한신아파트,신창2차아파트,주공6단지.신미주아파트,신미주아파트.주공6단지,풍성신미주,경남아너스빌,동탄3동행정복지센터,금호어울림,메타폴리스,신일유토빌정문,동탄역(서측),린스트라우스.한화,공공청사부지,금강.센트럴힐즈,호반베르디움3차,,,,,,,,,,,,,,,,,,,,,,,,,,,,,,,,,,,,,,,,,,,,,,,,,,,,,,,,,,,,,,,,,,,,,,,,,,,,,,,,,
73,수영오거리.방송통신대입구,봉담IC교차로(경유),대진화학,동화리.동남아파트,봉담읍행정복지센터,삼봉마을.신안인스빌,장안대학,왕림휴게소,상기리입구,왕림리.상기리입구,가톨릭대학교,왕림4리.세곡리,당하리.흰돌산기도원입구,해병대사령부,화성푸드통합지원센터(로컬푸드직매장),덕리,팔탄입구,팔탄면행정복지센터,마곡마을입구,구장삼거리,구장사거리.공구상가,하피랜드,율암삼거리,율암드림마트앞,대방초교,명인제약,노화1리,노하2리,정미소앞,노하3리,노하3리.백미정,노하산업단지,석포1리(돌서지),석포1리(한절),석포6리입구,석포6리(마파지),석포6리,소동촌,,,,,,,,,,,,,,,,,,,,,,,,,,,,,,,,,,,,,,,,,,,,,,,,,,,,,,,,,,,,,,,,,,,,,,,,,,,,,,,,,,,,,,,,,,,
74,화성시청,공군부대입구,대광아파트,그린빌라.롤링힐스,무송1통마을입구,무송그린빌리지,무송교차로,안장골입구,온석동입구,온석2통,온석2통앞,현대연구소입구,노하할인마트,노하산업단지,석포5리마을회관,석포5리(방농장),석포산업단지,석포삼거리,서근리,화성제일병원,팔탄전자앞,안덕우리,덕우리.구운말,장짐삼거리앞,장짐삼거리,화성중고등학교,발안삼거리.바다마트,화성종합경기타운사거리,화성문화원.향남환승터미널,화성소방서.향남홈플러스,에일린의뜰,단독주택단지,방축리,향남주공2단지,향남부영9단지,향남부영10.11단지,향남부영11단지,신영지웰,향남환승터미널,고주리.동방산업단지,덕천리삼거리,덕우리(구운말),덕우리입구,서근리(느락골),석포1리입구,석포리,석포5리,석포5리마을회관앞,롤링힐스,,,,,,,,,,,,,,,,,,,,,,,,,,,,,,,,,,,,,,,,,,,,,,,,,,,,,,,,,,,,,,,,,,,,,,,,,,,,,,,,
75,동탄2LH4단지,LH4단지후문,동탄2부영아파트,한백초중교,이주택지.상록.경남아파트,성원아파트.이지더원,동탄2파출소.농협,동원1차.센트럴상록,한미약품.푸르지오,예당고사거리,예당예원초,롯데케슬정문,동탄1동행정복지센터,현대아이파크,한화꿈에그린아파트,센트럴파크,자연앤아너스빌,숲속자연앤,동탄고등학교,모아포스코아파트,두산신일아파트,신창미션힐,신창미션힐.송화초교,병점정형외과(경유),병점역사거리,홈플러스.벌말초교,한신아파트,능동은행사거리,금호어울림,신일유토빌정문,센트럴상록.동원1차,상록.경남아파트.이주택지,,,,,,,,,,,,,,,,,,,,,,,,,,,,,,,,,,,,,,,,,,,,,,,,,,,,,,,,,,,,,,,,,,,,,,,,,,,,,,,,,,,,,,,,,,,,,,,,,
76,신영통현대타운.두산위브,반월리큰고개,빅마켓앞,삼성반도체후문,IT단지(중),한림대병원(중),예당고사거리,한미약품.푸르지오,센트럴상록.동원1차,동탄2파출소.농협,성원아파트.이지더원,상록.경남아파트.이주택지,반도유보라정문,반도유보라후문,이주택지.상록.경남아파트,동원1차.센트럴상록,전하리교회.우미제일,농서리,,,,,,,,,,,,,,,,,,,,,,,,,,,,,,,,,,,,,,,,,,,,,,,,,,,,,,,,,,,,,,,,,,,,,,,,,,,,,,,,,,,,,,,,,,,,,,,,,,,,,,,,,,,,,,,
77,동탄2차고지,금호어울림.계룡리슈빌,동탄호수공원,호수부영3차.우미린2차,나래학교,반도3.금강,의료시설부지,리베라CC,한화.린스트라우스,동탄역(동측),우남퍼스트빌,상록.테크노밸리.GS자이,한미약품.푸르지오,예당고사거리,전하리교회.우미제일,한림대병원(중),IT단지(중),삼성반도체후문,농서리,반월리큰고개,신영통현대타운.두산위브,빅마켓앞,동탄역(서측),린스트라우스.한화,공공청사부지,레이크빌.하우스디더레이크,우미린2차.호수부영3차,계룡리슈빌.금호어울림,레이크반도9차,동탄2아이파크1단지,동탄2아이파크2단지,호반6차,롯데캐슬.제일풍경채,자이파밀리에,,,,,,,,,,,,,,,,,,,,,,,,,,,,,,,,,,,,,,,,,,,,,,,,,,,,,,,,,,,,,,,,,,,,,,,,,,,,,,,,,,,,,,,,,,,,,,,
78,한신더휴,신리입구,호반3차.창의고,호반베르디움3차,센트럴힐즈.금강,반도유보라,반도3.금강,의료시설부지,리베라CC,한화.린스트라우스,동탄역(동측),우남퍼스트빌,상록.테크노밸리.GS자이,한미약품.푸르지오,예당고사거리,예당예원초,롯데케슬정문,동탄1동행정복지센터,현대아이파크,한화꿈에그린아파트,센트럴파크,능동은행사거리,미즈파크병원,크리스찬교회,이지더원,밀알교회,주공6단지입구,주공5단지,주공4단지,병점고등학교,신창미션힐,신창미션힐.송화초교,병점정형외과(경유),병점역사거리,홈플러스.벌말초교,한신아파트,신창2차아파트,주공6단지.신미주아파트,신미주아파트.주공6단지,풍성신미주,경남아너스빌,동탄3동행정복지센터,금호어울림,메타폴리스,신일유토빌정문,동탄역(서측),린스트라우스.한화,공공청사부지,금강.센트럴힐즈,베라체.목동초,동원로얄듀크2차,힐스테이트.호반5차,,,,,,,,,,,,,,,,,,,,,,,,,,,,,,,,,,,,,,,,,,,,,,,,,,,,,,,,,,,,,,,,,,,,,,,,,,,,,
79,조암터미널,화성중고등학교,조암리(경유),발안삼거리.바다마트,시장앞,KEB하나은행발안지점,삼괴중고등학교,발안초등학교,우정읍복지센터입구,향남읍행정복지센터,한각리입구,화성소방서.향남홈플러스,멱우2리부대앞,에일린의뜰,멱우2리,단독주택단지,멱우1리,방축리,화수사거리,향남주공2단지,경신공업사,향남부영9단지,금의2리,상두리맹산,주곡1리,대양1리.포도원,상두리입구,금의3리,대양1리,석포3리,대양4리,대양2리,석포2리,신왕리,양감보건소,석포초등학교,양감농협,석포삼거리,양감초중교,서근리,양감초등학교.중학교,독줄입구,화당리,신왕공단,월문리,솔안고개,월문초등학교,솔안,월문리온천입구,용소3리입구,해창1리.우리꽃식물원,용소2리,매곡리,용소1리,고주리입구.한국폴리텍대학,용소4리,제암리입구,갈목,고주리마을회관,사창리,고주리,사창초등학교,고주리.동방산업단지,사창1리,발안주공아파트,사창3리,발안마을주공아파트,삼풍전선,우림아파트.화성노인회관,사창2리.요꼴,발안기업은행,요꼴낚시터,발안사거리.평리,까치고개,발안삼거리,배밭,송산리입구.부처내고개,원슈퍼.삼거리,지월리입구,부처내,수목원,삼거리.원슈퍼.원마트,구장리새터말입구,구장1리,구장삼거리,구장리(경유),팔탄면행정복지센터,팔탄초등학교,구장1리(새터말.율암리),동자골.사창3리,길목,발안농협,주공아파트,솔안슈퍼,신왕2리.독줄입구,신왕3리.양감초등학교,고주리진입로,양감면행정복지센터,월문온천,서근리(느락골),석포4리,신영지웰,화성중앙병원.발안초등학교,주곡1리입구,주곡2리입구,,,,,,,,,,,,,,,,,,,,,,,,
80,화성중고등학교,발안삼거리.바다마트,KEB하나은행발안지점,발안초등학교,향남읍행정복지센터,화성소방서.향남홈플러스,에일린의뜰,단독주택단지,방축리,향남주공2단지,향남부영9단지,상두1리,상두2리,외딴집,대양1리,대양4리,대양2리,신왕리,양감보건소,양감농협,양감초중교,양감초등학교.중학교,독줄입구,신왕공단,솔안고개,솔안,용소3리,경모목장,사창4리,사창초등학교,사창리,정문1리,정문2리,양계장,송산1리,송산4리,수산중공업,송산리입구.부처내고개,원슈퍼.삼거리,부처내,삼거리.원슈퍼.원마트,솔안슈퍼,신왕2리.독줄입구,신왕3리.양감초등학교,양감면행정복지센터,상두리입구,신영지웰,화성중앙병원.발안초등학교,,,,,,,,,,,,,,,,,,,,,,,,,,,,,,,,,,,,,,,,,,,,,,,,,,,,,,,,,,,,,,,,,,,,,,,,,,,,,,,,,
81,송산고,휴먼빌,이지더원,요진Y시티,삼화리,천산아파트,비봉초등학교후문,비봉중고등학교,연화가든앞,구포리,야목리,야목1리,숙곡리삼거리,매송면복지센터후문,매송농협,어천저수지,51사단,원평,매송초등학교,전승아파트,옥산마을,천천리,천천리입구,삼미.쌍용아파트,왕재골입구,비봉초등학교후문.삼화3리,삼화리.천산아파트,대방노블랜드1차,금강팬테리움,반도유보라,,,,,,,,,,,,,,,,,,,,,,,,,,,,,,,,,,,,,,,,,,,,,,,,,,,,,,,,,,,,,,,,,,,,,,,,,,,,,,,,,,,,,,,,,,,,,,,,,,,
82,신경대학,남양뉴타운9단지,남양뉴타운4단지,북양2리,봉림사입구,북양산업단지,북양교차로,장수터마을,무봉천,무송1통마을입구,그린빌라.롤링힐스,롤링힐스,대광아파트,공군부대입구,화성시청,화성시청후문,북양1통.봉림사,북양1통.염티고개,양노3리,양노리,삼화리,천산아파트,비봉초등학교후문,비봉중고등학교,구포리과수원,쌍학리,숙곡리천불사,어천,어천저수지,51사단,원평,매송초등학교,전승아파트,옥산마을,천천리,천천리입구,삼미.쌍용아파트,구포3리,비봉교차로,비봉초등학교후문.삼화3리,삼화리.천산아파트,북양1통,,,,,,,,,,,,,,,,,,,,,,,,,,,,,,,,,,,,,,,,,,,,,,,,,,,,,,,,,,,,,,,,,,,,,,,,,,,,,,,,,,,,,,,
83,삼화리,천산아파트,비봉초등학교후문,비봉중고등학교,연화가든앞,왕재골입구,구포리과수원,쌍학리,숙곡리천불사,어천,어천저수지,51사단,원평,매송초등학교,전승아파트,옥산마을,천천리,천천리입구,삼미.쌍용아파트,구포3리,비봉교차로,비봉초등학교후문.삼화3리,삼화리.천산아파트,,,,,,,,,,,,,,,,,,,,,,,,,,,,,,,,,,,,,,,,,,,,,,,,,,,,,,,,,,,,,,,,,,,,,,,,,,,,,,,,,,,,,,,,,,,,,,,,,,,,,,,,,,
84,조암터미널,조암리(경유),조암GS주유소,어은삼거리,어은리,독정3리,독정4리,수촌2리.황골,발안식염온천,독정4리마을회관,독정3리.거묵골,장안초등학교,,,,,,,,,,,,,,,,,,,,,,,,,,,,,,,,,,,,,,,,,,,,,,,,,,,,,,,,,,,,,,,,,,,,,,,,,,,,,,,,,,,,,,,,,,,,,,,,,,,,,,,,,,,,,,,,,,,,,
85,조암터미널,조암리(경유),어은삼거리,거문들,어은1정미소앞,어은1리,어은1리한양빌라앞,금의1리입구,수촌3리,공단입구,공단사거리,포레시아,노루오토코팅,존슨메티,파카.3M,금의1리복지회관,멱우2리회관앞,삼괴중고등학교,시장앞,한원IC,장지동,롯데캐슬.제일풍경채,자이파밀리에,꽃가마약수터,,,,,,,,,,,,,,,,,,,,,,,,,,,,,,,,,,,,,,,,,,,,,,,,,,,,,,,,,,,,,,,,,,,,,,,,,,,,,,,,,,,,,,,,,,,,,,,,,,,,,,,,,
86,조암터미널,조암삼거리(경유),장안여자중학교,사곡6리,,,,,,,,,,,,,,,,,,,,,,,,,,,,,,,,,,,,,,,,,,,,,,,,,,,,,,,,,,,,,,,,,,,,,,,,,,,,,,,,,,,,,,,,,,,,,,,,,,,,,,,,,,,,,,,,,,,,,,,,,,,,,
87,조암터미널,조암리(경유),시장앞,삼괴중고등학교,우정읍복지센터입구,한각리입구,멱우2리부대앞,멱우2리,멱우1리,화수사거리,경신공업사,금의2리,주곡1리입구,주곡1리마을회관,석포6리입구,석포6리(마파지),석포6리,석포5리마을회관,석포5리(방농장),석포산업단지,석포삼거리,서근리,화당리,월문리,월문초등학교,월문리온천입구,해창1리.우리꽃식물원,매곡리,한국폴리텍대학,제암리,동양빌딩앞,우림아파트.화성노인회관,주공아파트,장짐삼거리앞,화성중고등학교,발안만세시장,화성시보건소앞,제약공단사원아파트앞,상신1리마을앞,상신6리,상신리,향남제약공단앞,제약공단후문.구문천1리입구,구문천리,외국인복지센터,구문천공원,발안산업단지,구문천1리진입로,현동목장앞,구문천삼거리,구문천5리(회차),구문천리초록마을,구문천3리,메탈산업단지,발안삼거리.바다마트,발안주공아파트,발안마을주공아파트,월문온천,서근리(느락골),석포4리,석포2리,석포3리,금의3리,주곡1리,주곡2리입구,어은삼거리,어은4리,장안면행정복지센터,장안초등학교,조암GS주유소,,,,,,,,,,,,,,,,,,,,,,,,,,,,,,,,,,,,,,,,,,,,,,,,,,,,,,,,,,,
88,조암터미널,병점역사거리,조암삼거리(경유),신창미션힐.송화초교,장안여자중학교,동부출장소.병점초등학교,사곡6리,병점화남아파트,장안우체국,진안동,사곡1리,롯데시네마,장자터,중심상가,기아생활관,안화초교.주공8.9단지,화산삼거리,안화고등학교,기아2차아파트앞,정든공원,석천1리포도원,신미주아파트,두레자연중고등학교,모아미래도아파트,자연앤데시앙,한마음초교.광명메이루즈,숲속자연앤,능동은행사거리,센트럴파크,금호어울림,메타폴리스,동탄1동행정복지센터,신일유토빌정문,예당예원초,전하리교회.우미제일,한림대성심병원,이마트.한림대병원,롯데케슬정문,현대아이파크,한화꿈에그린아파트,자연앤아너스빌,자연앤아너스빌.한마음초교,정든공원.숲속풍성신미주,병점사거리,,,,,,,,,,,,,,,,,,,,,,,,,,,,,,,,,,,,,,,,,,,,,,,,,,,,,,,,,,,,,,,,,,,,,,,,,,,,,,,,,,,,,
89,병점역,화성보건소,홈플러스,신창미션힐.송화초교,대창그린아파트,주공1단지,주공4단지,신창2차아파트,정든공원,신미주아파트,모아미래도아파트,한마음초사거리,능동지성로사거리,능동초등학교,능동중학교,미즈파크병원,능동은행사거리,센트럴파크,금호어울림,메타폴리스,동탄1동행정복지센터,동탄보건지소.우체국,대우푸르지오.예당고등학교,예당예원초,롯데케슬정문,현대아이파크,한화꿈에그린아파트,정든공원.숲속풍성신미주,주공5단지,우남퍼스트빌,,,,,,,,,,,,,,,,,,,,,,,,,,,,,,,,,,,,,,,,,,,,,,,,,,,,,,,,,,,,,,,,,,,,,,,,,,,,,,,,,,,,,,,,,,,,,,,,,,,
90,병점역사거리,신창미션힐.송화초교,동부출장소.병점초등학교,병점화남아파트,진안동,롯데시네마,중심상가,안화초교.주공8.9단지,안화고등학교,정든공원,신미주아파트,모아미래도아파트,자연앤데시앙,한마음초교.광명메이루즈,숲속자연앤,능동은행사거리,센트럴파크,금호어울림,메타폴리스(중),다은마을(중),새강마을.휴먼시아,새강주공휴먼시아,반송초중교,나루고등학교,한화꿈에그린,쌍용예가,솔빛마을.서해.쌍용아파트,한화꿈에그린아파트,자연앤아너스빌,자연앤아너스빌.한마음초교,정든공원.숲속풍성신미주,병점사거리,,,,,,,,,,,,,,,,,,,,,,,,,,,,,,,,,,,,,,,,,,,,,,,,,,,,,,,,,,,,,,,,,,,,,,,,,,,,,,,,,,,,,,,,,,,,,,,,,
91,산호아파트,사곡6리,장안여자중학교,조암터미널,우정읍행정복지센터,삼괴중고교,조암한라비발디,어은삼거리,어은4리,장안면행정복지센터,,,,,,,,,,,,,,,,,,,,,,,,,,,,,,,,,,,,,,,,,,,,,,,,,,,,,,,,,,,,,,,,,,,,,,,,,,,,,,,,,,,,,,,,,,,,,,,,,,,,,,,,,,,,,,,,,,,,,,,
92,도로교통연구원,금강팬테리움2차,호반3차.창의고,신리입구,베라체.목동초,베라체아파트,예솔초.호반2차.대원2차,신안2차.반도4차,모아.반도아파트,이주택지.상록.경남아파트,성원아파트.이지더원,동탄2파출소.농협,상록.테크노밸리.GS자이,우남퍼스트빌,동탄역(서측),린스트라우스.한화,리베라CC,공공청사부지,반도3.금강,레이크빌.하우스디더레이크,우미린2차.호수부영3차,동탄호수공원,아이파크.호수부영4차,아이파크.호수부영5차,호수공원행복주택.호수부영6차,호수부영1차,,,,,,,,,,,,,,,,,,,,,,,,,,,,,,,,,,,,,,,,,,,,,,,,,,,,,,,,,,,,,,,,,,,,,,,,,,,,,,,,,,,,,,,,,,,,,,,,,,,,,,,
93,조암터미널,조암삼거리(경유),조암8리,우정초등학교,조암4리앞,운평2리,운평사거리,운평3리,뒷말,뒷말(경유),금강아파트,,,,,,,,,,,,,,,,,,,,,,,,,,,,,,,,,,,,,,,,,,,,,,,,,,,,,,,,,,,,,,,,,,,,,,,,,,,,,,,,,,,,,,,,,,,,,,,,,,,,,,,,,,,,,,,,,,,,,,
94,조암터미널,조암삼거리(경유),조암8리,우정초등학교,조암4리앞,운평2리,운평사거리,운평1리평밭,금강아파트,우정읍행정복지센터,삼괴중고교,조암GS주유소,,,,,,,,,,,,,,,,,,,,,,,,,,,,,,,,,,,,,,,,,,,,,,,,,,,,,,,,,,,,,,,,,,,,,,,,,,,,,,,,,,,,,,,,,,,,,,,,,,,,,,,,,,,,,,,,,,,,,
95,화성중고등학교,가람아파트(경유),발안삼거리.바다마트,KEB하나은행발안지점,발안초등학교,향남읍행정복지센터,향남홈플러스,대방노블랜드,행정리,백토리상공회의소,안골목장,향남초등학교,백토리사거리,향남교회,관리마을회관,동오리마을회관,동오사거리,동오리,아시아자동차,송곡리,송곡리입구,길성리,갈천리,갈천초등학교,갈천다리,귀래산업단지,증거리입구,계향2리,발산리,덕신상가,동남아파트,정남초등학교,용수리,고지리,내리,수면리,내리교회,계향리입구,백토1리,상록하늘채,화성중앙병원.발안초등학교,발안사거리.평리,,,,,,,,,,,,,,,,,,,,,,,,,,,,,,,,,,,,,,,,,,,,,,,,,,,,,,,,,,,,,,,,,,,,,,,,,,,,,,,,,,,,,,,
96,장안대후문,신안인스빌,협성대학교정문,동문아파트.협성대학교.봉담중고교,상봉초등학교,동일하이빌.상봉초등학교,하나로마트.화성고용센터,동화휴먼시아2단지,동화휴먼시아3.4단지.봉담우체국,주공5단지,효행초등학교,임광그대가3단지,와우사거리,신일해피트리1차,우림그린빌리지,광도와이드빌.우남그린빌,한국농수산대학,수영오거리.방송통신대입구,국립축산과학원,신일우남아파트,SK매직.우림그린빌리지,평생플러스빌,동화초.동화휴먼시아3단지,동화마을1단지.화성고용센터,동화휴먼시아1단지.상봉초등학교,협성대학교,,,,,,,,,,,,,,,,,,,,,,,,,,,,,,,,,,,,,,,,,,,,,,,,,,,,,,,,,,,,,,,,,,,,,,,,,,,,,,,,,,,,,,,,,,,,,,,,,,,,,,,
97,봉담A3,봉담2.LH2단지,봉담읍행정복지센터,국민체육센터,봉담중.고등학교,동일하이빌.상봉초등학교,하나로마트.화성고용센터,동화휴먼시아2단지,동화휴먼시아3.4단지.봉담우체국,동화초중교,동화휴먼시아6단지,중심상가.화성고용센터,동화휴먼시아1단지.상봉초등학교,봉담택지지구,동화리.동남아파트,대진화학,수영오거리.방송통신대입구,동일하이빌.화성고용센터,동화중학교.동화초등학교,동화초.동화휴먼시아3단지,동화마을1단지.화성고용센터,,,,,,,,,,,,,,,,,,,,,,,,,,,,,,,,,,,,,,,,,,,,,,,,,,,,,,,,,,,,,,,,,,,,,,,,,,,,,,,,,,,,,,,,,,,,,,,,,,,,,,,,,,,,
98,수원과학대학,대한적십자교육원,남산공단입구,흥법사입구,수기리아랫말,호수마을,보통리입구,수원신학교,분천리,협성대,동문아파트.협성대학교.봉담중고교,상봉초등학교,동일하이빌.상봉초등학교,하나로마트.화성고용센터,동화휴먼시아2단지,동화휴먼시아3.4단지.봉담우체국,주공5단지,효행초등학교,임광그대가3단지,와우사거리,신일해피트리1차,우림그린빌리지,광도와이드빌.우남그린빌,한국농수산대학,수영오거리.방송통신대입구,국립축산과학원,신일우남아파트,SK매직.우림그린빌리지,평생플러스빌,동화초.동화휴먼시아3단지,동화마을1단지.화성고용센터,동화휴먼시아1단지.상봉초등학교,협성대학교,분천교회.분천리,아랫말.수기리,수기리,편의점,,,,,,,,,,,,,,,,,,,,,,,,,,,,,,,,,,,,,,,,,,,,,,,,,,,,,,,,,,,,,,,,,,,,,,,,,,,,,,,,,,,,,,,,,,,,
99,신동아아파트,동화휴먼시아1단지,동화휴먼시아2단지,동화휴먼시아3.4단지.봉담우체국,동화초중교,동화휴먼시아6단지,중심상가.화성고용센터,동화휴먼시아1단지.상봉초등학교,상봉초등학교,동문아파트.협성대학교.봉담중고교,봉담호수공원.신협앞,봉담119안전센터,봉담읍행정복지센터,동화리.동남아파트,대진화학,수영오거리.방송통신대입구,봉담한신아파트,동일하이빌.상봉초등학교,동일하이빌.화성고용센터,동화중학교.동화초등학교,동화초.동화휴먼시아3단지,,,,,,,,,,,,,,,,,,,,,,,,,,,,,,,,,,,,,,,,,,,,,,,,,,,,,,,,,,,,,,,,,,,,,,,,,,,,,,,,,,,,,,,,,,,,,,,,,,,,,,,,,,,,
100,조암터미널,조암터미널(경유),우정읍행정복지센터,삼괴중고교,조암한라비발디,어은삼거리,장안면행정복지센터,사랑리,덕다2리앞,덕다리입구,독정1리,독정2리,위닉스,감드러지(독정3리),독정3리,독정4리,수촌2리.황골,꽃밭,성문,해창2리.능인대학원대학교,해창리,해창1리.우리꽃식물원,매곡리,한국폴리텍대학,제암리,동양빌딩앞,우림아파트.화성노인회관,주공아파트,장짐삼거리앞,화성중고등학교,발안삼거리.바다마트,KEB하나은행발안지점,발안초등학교,향남읍행정복지센터,화성소방서.향남홈플러스,에일린의뜰,단독주택단지,방축리,향남주공1.2단지,향남부영3단지,하길중학교,향남부영13단지,상신하길로주택,상신6리,상신리,향남제약공단앞,제약공단후문.구문천1리입구,구문천리,신영지웰,화성중앙병원.발안초등학교,발안농협,용당골,독정3리.거묵골,독정삼거리,덕다2리앞(구래),어은4리,,,,,,,,,,,,,,,,,,,,,,,,,,,,,,,,,,,,,,,,,,,,,,,,,,,,,,,,,,,,,,,,,,,,,,,,,
101,조암터미널,조암터미널(경유),우정읍행정복지센터,삼괴중고교,조암한라비발디,어은삼거리,거문들,어은1정미소앞,어은1리,금의1리입구,수촌3리,공단입구,공단사거리,포레시아,노루오토코팅,존슨메티,파카.3M,3M,수촌1리,성문,해창2리.능인대학원대학교,해창리,해창1리.우리꽃식물원,매곡리,한국폴리텍대학,제암리,동양빌딩앞,우림아파트.화성노인회관,주공아파트,장짐삼거리앞,화성중고등학교,발안삼거리.바다마트,KEB하나은행발안지점,발안초등학교,향남읍행정복지센터,화성소방서.향남홈플러스,에일린의뜰,단독주택단지,방축리,향남주공1.2단지,향남부영3단지,하길중학교,향남부영13단지,상신하길로주택,상신6리,상신리,향남제약공단앞,제약공단후문.구문천1리입구,구문천리,신영지웰,화성중앙병원.발안초등학교,발안농협,꽃밭,용당골,독정4리,독정3리.거묵골,독정2리,독정1리,덕다리입구,덕다2리앞(구래),사랑리,장안면행정복지센터,어은4리,,,,,,,,,,,,,,,,,,,,,,,,,,,,,,,,,,,,,,,,,,,,,,,,,,,,,,,,,,,,,,,,,,
102,장외리.오리골,돈말입구,제부도입구,제부해수탕,개경촌,살고지입구,송교1리,큰말입구,장외리.지긋말,장외리,숲풀안앞,광평삼거리,느티나무앞,광평주유소,광평리,서신중학교후문,매화리,서신터미널,상안리삼거리,상안삼거리,상안2리.SK주유소,상안1.2리,상안1리,신흥사,상안리.한국발효,육일2리.코스코밸리,육일리교차로,육일리마을회관,육일리.육교동입구,사강복지회관,사강시장,사강정형외과,봉가1리,돼지고개.삼존리물미,삼존리,슬항3리,구리섬휴게소,외국인보호소,마도사거리,재래시장.마도삼거리,두곡리,쌍송리입구.은장고개,남양육리.남양1동,우림아파트,경기남부수협.보건소,남양성지,남양사거리,남양읍행정복지센터,남양도서관.동광뷰엘,남양동광뷰엘,남양뉴타운4단지,북양1통.봉림사,북양1통.염티고개,양노3리,양노리,삼화리,천산아파트,비봉초등학교후문,비봉중고등학교,연화가든앞,구포리,야목리,매송휴먼시아후문,송라리,원리,송라1리,왕재골입구,비봉초등학교후문.삼화3리,삼화리.천산아파트,북양1통,은장고개,구리섬앞,삼존리자동차성능시험장,송산농협.사강정형외과,서신,목성머리,,,,,,,,,,,,,,,,,,,,,,,,,,,,,,,,,,,,,,,,,,,,,,,,,,,,,
103,원리,송라1리,야목리,구포리,비봉중고등학교,비봉초등학교후문.삼화3리,천산아파트,삼화리.천산아파트,북양1통.염티고개,동수원남양병원,남양읍행정복지센터,남양사거리,남양성지,경기남부수협.보건소,우림아파트,남양육리.남양1동,마도교차로,마도산업단지,,,,,,,,,,,,,,,,,,,,,,,,,,,,,,,,,,,,,,,,,,,,,,,,,,,,,,,,,,,,,,,,,,,,,,,,,,,,,,,,,,,,,,,,,,,,,,,,,,,,,,,,,,,,,,,
104,그린피아호텔,남산공단입구,편의점,수원과학대학,보통2리,보통3리,관항2리,괘랑리,정남농협,정남도서관,정남행정복합센터,정남초등학교,용수리,고지리,금복리,정림보건진료소,망월리,제기리.양지말,음양1리,덕절3리,덕절2리,망월리.전경부대,대한적십자교육원,,,,,,,,,,,,,,,,,,,,,,,,,,,,,,,,,,,,,,,,,,,,,,,,,,,,,,,,,,,,,,,,,,,,,,,,,,,,,,,,,,,,,,,,,,,,,,,,,,,,,,,,,,
105,화성문화원.향남환승터미널,화성소방서.향남홈플러스,에일린의뜰,단독주택단지,방축리,향남주공2단지,향남부영9단지,향남부영10.11단지,향남부영11단지,향남모아8단지,롯데씨네마.향남부영7,하길중학교,향남주공5단지입구,하길초등학교,향남주공5단지,향남부영3단지,향남주공1.2단지,신영지웰,향남읍행정복지센터,화성중앙병원.발안초등학교,발안사거리.평리,발안삼거리.바다마트,화성중고등학교,장짐삼거리,지월리입구,수목원,구장리새터말입구,팔탄초등학교,팔탄면행정복지센터,구장삼거리,구장사거리앞,창곡주유소앞,창곡3리.독골,우렁골입구,창곡2리교회앞,창곡1리,금산사입구,언창공단,창곡1리입구,청요사거리,자안리,태행산예비군훈련장앞,양노리,비봉중고등학교,연화가든앞,구포리,매송휴먼시아후문,송라리,원리,송라1리,야목리,왕재골입구,자재이골입구,창곡3리,구장1리(새터말.율암리),KEB하나은행발안지점,발안초등학교,향남환승터미널,,,,,,,,,,,,,,,,,,,,,,,,,,,,,,,,,,,,,,,,,,,,,,,,,,,,,,,,,,,,,,,,,,,,,,,
106,대방노블랜드,향남중고등학교,향남고등학교,한일베라체.행정초교,신영지웰아파트,에일린의뜰.휴먼시아6단지,신명스카이뷰.휴먼시아5단지,신명스카이뷰.우미린,우미린아파트.향일고,신영지웰2차아파트,화성소방서.향남홈플러스,향남읍행정복지센터,화성중앙병원.발안초등학교,발안사거리.평리,발안삼거리.바다마트,화성중고등학교,장짐삼거리,지월리입구,수목원,구장리새터말입구,구장1리,팔탄초등학교,팔탄면행정복지센터,구장삼거리,구장사거리앞,창곡주유소앞,창곡3리.독골,우렁골입구,창곡2리교회앞,창곡1리,금산사입구,언창공단,창곡1리입구,청요사거리,양노교차로(경유),숙곡교차로(경유),송라리,자재이골입구,창곡3리,구장1리(새터말.율암리),KEB하나은행발안지점,발안초등학교,신명스카이뷰,한일베라채,상록하늘채,향남환승터미널,,,,,,,,,,,,,,,,,,,,,,,,,,,,,,,,,,,,,,,,,,,,,,,,,,,,,,,,,,,,,,,,,,,,,,,,,,,,,,,,,,,
107,봉담푸르지오.아이파크,쌍용아파트,동부아파트,신명아파트,수원대입구,수원대학교,안녕4통,융건릉,타래치길,안녕자원앞,용주사,우남블루존.원광병원,남수원현대아파트,안녕농협삼거리,송산동입구,동문아파트,진안5통.병점육교,병점역후문,유엔아이,한일타운아파트,우남퍼스트빌3차아파트,신창미션힐.송화초교,동부출장소.병점초등학교,병점화남아파트,진안동,롯데시네마,중심상가,안화초교.주공8.9단지,안화고등학교,주공5단지,주공4단지,우남퍼스트빌,주공1.2단지,신한에스빌아파트,동부출장소앞,병점역사거리,홈플러스.벌말초교,안용중학교.현충탑,안녕자원,지킴이마을.타래치길,,,,,,,,,,,,,,,,,,,,,,,,,,,,,,,,,,,,,,,,,,,,,,,,,,,,,,,,,,,,,,,,,,,,,,,,,,,,,,,,,,,,,,,,,
108,수원과학대학,청광플러스원아파트,남산공단입구,그린피아호텔,안녕3통입구,융건릉,용주사,우남블루존.원광병원,남수원현대아파트,안녕농협삼거리,송산동입구,동문아파트,진안5통.병점육교,병점역후문,유엔아이,한일타운아파트,송화초교.양우내안애,신창미션힐.송화초교,병점역사거리,홈플러스.벌말초교,안용중학교.현충탑,안녕4통입구,편의점,,,,,,,,,,,,,,,,,,,,,,,,,,,,,,,,,,,,,,,,,,,,,,,,,,,,,,,,,,,,,,,,,,,,,,,,,,,,,,,,,,,,,,,,,,,,,,,,,,,,,,,,,,
109,동부아파트,쌍용아파트,봉담푸르지오.아이파크,임광3차정문,임광3차중문,임광1.2차아파트,와우2리,수원대학교,안녕4통,융건릉.용주사입구,안녕성당앞,중외제약사거리,신한미지엔아파트앞,북촌말입구,송산동입구,동문아파트,진안5통.병점육교,병점역후문,유엔아이,한일타운아파트,송화초교.양우내안애,신창미션힐.송화초교,동부출장소.병점초등학교,병점화남아파트,진안동,롯데시네마,중심상가,안화초교.주공8.9단지,안화고등학교,주공5단지,주공4단지,우남퍼스트빌,주공1.2단지,신한에스빌아파트,동부출장소앞,병점역사거리,홈플러스.벌말초교,안용중학교.현충탑,안녕동,,,,,,,,,,,,,,,,,,,,,,,,,,,,,,,,,,,,,,,,,,,,,,,,,,,,,,,,,,,,,,,,,,,,,,,,,,,,,,,,,,,,,,,,,,
110,발안기업은행,발안사거리.평리,바다마트,발안만세시장,화성시보건소앞,제약공단사원아파트앞,상신1리마을앞,상신6리,향남제약공단앞,제약공단후문.구문천1리입구,하길4리입구,구문천리.돌래,구문천2리종점,마을안삼거리,요당3리,요당2리,할인마트앞,상신리,발안삼거리.바다마트,KEB하나은행발안지점,,,,,,,,,,,,,,,,,,,,,,,,,,,,,,,,,,,,,,,,,,,,,,,,,,,,,,,,,,,,,,,,,,,,,,,,,,,,,,,,,,,,,,,,,,,,,,,,,,,,,,,,,,,,,
111,발안기업은행,발안사거리.평리,바다마트,발안만세시장,화성시보건소앞,제약공단사원아파트앞,상신1리마을앞,상신6리,상신초교입구,일신빌라앞,하길리입구,하길1리종점,할인마트앞,상신리,발안삼거리.바다마트,KEB하나은행발안지점,,,,,,,,,,,,,,,,,,,,,,,,,,,,,,,,,,,,,,,,,,,,,,,,,,,,,,,,,,,,,,,,,,,,,,,,,,,,,,,,,,,,,,,,,,,,,,,,,,,,,,,,,,,,,,,,,
112,발안기업은행,발안사거리.평리,바다마트,발안만세시장,화성시보건소앞,제약공단사원아파트앞,상신1리마을앞,상신6리,향남제약공단앞,제약공단후문.구문천1리입구,하길4리입구,구문천리.돌래,구문천2리종점,마을안삼거리,요당3리,요당2리,하길4리종점,할인마트앞,상신리,발안삼거리.바다마트,KEB하나은행발안지점,,,,,,,,,,,,,,,,,,,,,,,,,,,,,,,,,,,,,,,,,,,,,,,,,,,,,,,,,,,,,,,,,,,,,,,,,,,,,,,,,,,,,,,,,,,,,,,,,,,,,,,,,,,,
113,바다마트,발안만세시장,화성시보건소앞,제약공단사원아파트앞,상신1리마을앞,상신6리,향남제약공단앞,제약공단후문.구문천1리입구,하길4리입구,구문천리.돌래,구문천2리종점,마을안삼거리,요당3리,요당2리,하길4리종점,할인마트앞,상신리,발안삼거리.바다마트,,,,,,,,,,,,,,,,,,,,,,,,,,,,,,,,,,,,,,,,,,,,,,,,,,,,,,,,,,,,,,,,,,,,,,,,,,,,,,,,,,,,,,,,,,,,,,,,,,,,,,,,,,,,,,,
114,바다마트,발안만세시장,화성시보건소앞,제약공단사원아파트앞,상신1리마을앞,상신6리,향남제약공단앞,제약공단후문.구문천1리입구,구문천리.돌래,구문천2리종점,마을안삼거리,요당3리,요당2리,하길4리입구,삼거리,하길1리종점,하길리입구,일신빌라앞,할인마트앞,상신리,발안삼거리.바다마트,,,,,,,,,,,,,,,,,,,,,,,,,,,,,,,,,,,,,,,,,,,,,,,,,,,,,,,,,,,,,,,,,,,,,,,,,,,,,,,,,,,,,,,,,,,,,,,,,,,,,,,,,,,,
115,바다마트,발안만세시장,화성시보건소앞,제약공단사원아파트앞,상신1리마을앞,상신6리,향남제약공단앞,제약공단후문.구문천1리입구,하길4리입구,구문천리.돌래,구문천2리종점,마을안삼거리,요당3리,요당2리,할인마트앞,상신리,발안삼거리.바다마트,,,,,,,,,,,,,,,,,,,,,,,,,,,,,,,,,,,,,,,,,,,,,,,,,,,,,,,,,,,,,,,,,,,,,,,,,,,,,,,,,,,,,,,,,,,,,,,,,,,,,,,,,,,,,,,,
116,화성중고등학교,발안삼거리.바다마트,KEB하나은행발안지점,발안초등학교,향남읍행정복지센터,화성소방서.향남홈플러스,신영지웰2차아파트,우미린아파트.향일고,신명스카이뷰,신명스카이뷰.휴먼시아5단지,에일린의뜰.휴먼시아6단지,신영지웰아파트,한일베라채,향남고등학교,향남중고등학교,대방노블랜드.풍림아이원,복사꽃마을.향토박물관,주공7단지,화성종합경기타운사거리,화성종합경기타운,차량등록사업소,도이리입구,도이1리,도이1리마을회관,하가등리,화성그린환경센터,가재2리,진우아파트뒤,팔탄입구,덕리,화성푸드통합지원센터(로컬푸드직매장),마하리입구,마하리,정승마을앞,백2리앞,백1리,정남행정복합센터,신라주유소앞,신리앞,정남초등학교,정남도서관,괘랑리,관항2리,보통3리,보통2리,수원과학대학,대한적십자교육원,남산공단입구,그린피아호텔,편의점,정남농협,마하리앞,진우아파트,도이초교.향토박물관,한일베라체.행정초교,신명스카이뷰.우미린,화성중앙병원.발안초등학교,,,,,,,,,,,,,,,,,,,,,,,,,,,,,,,,,,,,,,,,,,,,,,,,,,,,,,,,,,,,,,,,,,,,,,,,
117,배양1동,기안1통입구,기배동행정복지센터,신일해피트리후문,기안성당,기안중학교,보보스.롯데슈퍼,와우농협앞,와우2리,수원대학교,안녕4통,융건릉.용주사입구,안녕성당앞,수영오거리.방송통신대입구,중외제약사거리,봉담IC교차로(경유),신한미지엔아파트앞,대진화학,북촌말입구,동화리.동남아파트,송산동입구,봉담읍행정복지센터,동문아파트,삼봉마을.신안인스빌,병점화남아파트,장안대학,진안동,왕림휴게소,롯데시네마,상기리입구,중심상가,왕림리.상기리입구,안화초교.주공8.9단지,가톨릭대학교,안화고등학교,왕림4리.세곡리,주공5단지,당하리.흰돌산기도원입구,주공4단지,해병대사령부,우남퍼스트빌,화성푸드통합지원센터(로컬푸드직매장),주공1.2단지,덕리,신한에스빌아파트,팔탄입구,동부출장소앞,진우아파트,병점역사거리,가재3리.덕우공단입구,홈플러스.벌말초교,가재3리.가재3리입구,우남퍼스트빌3차아파트,가재교차로(경유),신창미션힐.송화초교,가재1리입구.자연샘,동부출장소,가재4리.해병대보급중대,신한에스빌아파트앞,가재4리,신성미소지움아파트,KEB하나은행발안지점,신창2차아파트,발안초등학교,향남읍행정복지센터,향남홈플러스,대방노블랜드,대방노블랜드.풍림아이원,향남중고등학교,안용중학교.현충탑,향남고등학교,한일베라체.행정초교,안녕동,신영지웰아파트,에일린의뜰.휴먼시아6단지,신명스카이뷰.휴먼시아5단지,신명스카이뷰.우미린,우미린아파트.향일고,신영지웰2차아파트,화성소방서.향남홈플러스,화성중앙병원.발안초등학교,발안삼거리,해병대보급중대,가재3리입구.가재4리,배양2리,왕람휴게소(경유),,,,,,,,,,,,,,,,,,,,,,,,,,,,,,,,,,,,,,,,,,,
118,배양1동,기안1통입구,기배동행정복지센터,신일해피트리후문,기안성당,기안중학교,보보스.롯데슈퍼,와우농협앞,와우2리,수원대학교,안녕4통,융건릉,타래치길,안녕자원앞,용주사,우남블루존.원광병원,남수원현대아파트,안녕농협삼거리,송산동입구,동문아파트,병점화남아파트,진안동,롯데시네마,중심상가,안화초교.주공8.9단지,안화고등학교,주공5단지,주공4단지,우남퍼스트빌,주공1.2단지,신한에스빌아파트,동부출장소앞,병점역사거리,홈플러스.벌말초교,우남퍼스트빌3차아파트,신창미션힐.송화초교,동부출장소,신한에스빌아파트앞,신창2차아파트,안용중학교.현충탑,안녕자원,지킴이마을.타래치길,배양2리,,,,,,,,,,,,,,,,,,,,,,,,,,,,,,,,,,,,,,,,,,,,,,,,,,,,,,,,,,,,,,,,,,,,,,,,,,,,,,,,,,,,,,
119,장지동,발안기업은행,발안사거리.평리,바다마트,발안만세시장,화성시보건소앞,호반6차,제약공단사원아파트앞,롯데캐슬.제일풍경채,상신1리마을앞,자이파밀리에,상신6리,자이파밀리에.LH29,상신초교입구,금호어울림.계룡리슈빌,구문천4리입구,구문천4리종점,수영오거리.방송통신대입구,동탄레이크자이더테라스,소망슈퍼,봉담IC교차로(경유),상신5리.문화마을,대진화학,우미린.하우스디더레이크,선일화학.에디스,동화리.동남아파트,하우스디더레이크.우미린,상신1리종점,봉담읍행정복지센터,방교초.레이크자이더테라스,정미소앞,삼봉마을.신안인스빌,동탄6동복지센터입구,장안대학,방교동,왕림휴게소,신리천,할인마트앞,상기리입구,동탄초교,상신리,왕림리.상기리입구,리베라CC,가톨릭대학교,한화.린스트라우스,왕림4리.세곡리,동탄역(서측),당하리.흰돌산기도원입구,린스트라우스.한화,해병대사령부,화성푸드통합지원센터(로컬푸드직매장),발안삼거리.바다마트,덕리,KEB하나은행발안지점,팔탄입구,팔탄초등학교,구장1리(새터말.율암리),계룡리슈빌.금호어울림,구장리새터말입구,LH29.자이파밀리에,수목원,지월리입구,장짐삼거리앞,발안마을주공아파트,레이크반도9차,우림아파트.화성노인회관,동탄2아이파크1단지,동탄2아이파크2단지,발안초등학교,향남환승터미널,화성문화원.향남환승터미널,장지동농협,향남읍행정복지센터,화성중앙병원.발안초등학교,발안농협,주공아파트,구장1리,소동촌,덕우저수지,,,,,,,,,,,,,,,,,,,,,,,,,,,,,,,,,,,,,,,,,,,,,,,,,,
120,발안기업은행,발안사거리.평리,바다마트,발안만세시장,화성시보건소앞,제약공단사원아파트앞,상신1리마을앞,상신6리,할인마트앞,상신리,발안삼거리.바다마트,KEB하나은행발안지점,,,,,,,,,,,,,,,,,,,,,,,,,,,,,,,,,,,,,,,,,,,,,,,,,,,,,,,,,,,,,,,,,,,,,,,,,,,,,,,,,,,,,,,,,,,,,,,,,,,,,,,,,,,,,,,,,,,,,
121,바다마트,발안만세시장,화성시보건소앞,제약공단사원아파트앞,상신1리마을앞,상신초교입구,구문천4리입구,구문천4리종점,소망슈퍼,상신5리.문화마을,선일화학.에디스,상신1리종점,정미소앞,상신6리,할인마트앞,상신리,휴먼시아5.6블럭,단독주택단지,신영지웰,화성소방서.향남홈플러스,향남읍행정복지센터,화성중앙병원.발안초등학교,,,,,,,,,,,,,,,,,,,,,,,,,,,,,,,,,,,,,,,,,,,,,,,,,,,,,,,,,,,,,,,,,,,,,,,,,,,,,,,,,,,,,,,,,,,,,,,,,,,,,,,,,,,
122,바다마트,발안만세시장,화성시보건소앞,제약공단사원아파트앞,상신1리마을앞,상신6리,상신초교입구,구문천4리입구,구문천4리종점,소망슈퍼,상신5리.문화마을,선일화학.에디스,상신1리종점,정미소앞,할인마트앞,상신리,발안삼거리.바다마트,,,,,,,,,,,,,,,,,,,,,,,,,,,,,,,,,,,,,,,,,,,,,,,,,,,,,,,,,,,,,,,,,,,,,,,,,,,,,,,,,,,,,,,,,,,,,,,,,,,,,,,,,,,,,,,,
123,조암터미널,조암삼거리(경유),장안여자중학교,사곡6리,장안우체국,사곡1리,장자터,기아생활관,화산삼거리,기아2차아파트앞,석천1리포도원,두레자연중고등학교,이화1리앞,이화2리앞(이화병원),이화3리입구,슈마타운,애덕가정,이화리종점,애덕의.가정,이화2리앞,두레자연중고교,,,,,,,,,,,,,,,,,,,,,,,,,,,,,,,,,,,,,,,,,,,,,,,,,,,,,,,,,,,,,,,,,,,,,,,,,,,,,,,,,,,,,,,,,,,,,,,,,,,,,,,,,,,,
124,조암터미널,조암삼거리(경유),장안여자중학교,사곡6리,장안우체국,사곡1리,장자터,기아생활관,화산삼거리,기아2차아파트앞,석천1리포도원,두레자연중고등학교,이화1리앞,이화2리앞(이화병원),이화3리입구,슈마타운,애덕가정,이화리종점,애덕의.가정,이화2리앞,두레자연중고교,,,,,,,,,,,,,,,,,,,,,,,,,,,,,,,,,,,,,,,,,,,,,,,,,,,,,,,,,,,,,,,,,,,,,,,,,,,,,,,,,,,,,,,,,,,,,,,,,,,,,,,,,,,,
125,나루마을.월드반도,새강마을사거리(경유),솔빛마을.서해.쌍용아파트,다은마을(중),메타폴리스(중),한빛마을(중),예당마을.롯데캐슬(중),기흥동탄TG(경유),한빛마을.석우중학교(중),새강마을.휴먼시아,나루마을.한화꿈에그린2차,,,,,,,,,,,,,,,,,,,,,,,,,,,,,,,,,,,,,,,,,,,,,,,,,,,,,,,,,,,,,,,,,,,,,,,,,,,,,,,,,,,,,,,,,,,,,,,,,,,,,,,,,,,,,,,,,,,,,,
126,나루마을.월드반도,새강마을사거리(경유),솔빛마을.서해.쌍용아파트,다은마을(중),메타폴리스(중),한빛마을(중),예당마을.롯데캐슬(중),기흥동탄TG(경유),한빛마을.석우중학교(중),새강마을.휴먼시아,나루마을.한화꿈에그린2차,,,,,,,,,,,,,,,,,,,,,,,,,,,,,,,,,,,,,,,,,,,,,,,,,,,,,,,,,,,,,,,,,,,,,,,,,,,,,,,,,,,,,,,,,,,,,,,,,,,,,,,,,,,,,,,,,,,,,,
127,송교리종점,제부도입구,제부초소,통나무횟집,선착장,해안산책로,그린팬션,제부랜드놀이동산,매바위종점,제부소방서.보건소,갯벌민박앞,서울횟집앞,캠핑장입구,하와이앞,,,,,,,,,,,,,,,,,,,,,,,,,,,,,,,,,,,,,,,,,,,,,,,,,,,,,,,,,,,,,,,,,,,,,,,,,,,,,,,,,,,,,,,,,,,,,,,,,,,,,,,,,,,,,,,,,,,
128,송교리종점,제부도입구,제부해수탕,개경촌,살고지입구,송교1리,큰말입구,장외리.지긋말,장외리,숲풀안앞,광평삼거리,느티나무앞,광평주유소,광평리,상안리,서신중학교후문,매화리,서신초등학교,서신면행정복지센터,사곳입구,영지,백석로입구,백석,백미리입구,한맥중공업,백미리사랑방,백미리항,서신사거리,목성머리,,,,,,,,,,,,,,,,,,,,,,,,,,,,,,,,,,,,,,,,,,,,,,,,,,,,,,,,,,,,,,,,,,,,,,,,,,,,,,,,,,,,,,,,,,,,,,,,,,,,
129,송교리종점,제부도입구,돈말입구,장외리.오리골,구름교차로,전곡리.엠보트,전곡항입구,전곡항,,,,,,,,,,,,,,,,,,,,,,,,,,,,,,,,,,,,,,,,,,,,,,,,,,,,,,,,,,,,,,,,,,,,,,,,,,,,,,,,,,,,,,,,,,,,,,,,,,,,,,,,,,,,,,,,,,,,,,,,,
130,조암터미널,전곡항,조암리(경유),전곡항입구,시장앞,전곡리.엠보트,삼괴중고등학교,구름교차로,우정읍복지센터입구,전곡2리.산업단지,한각리입구,전곡삼거리,멱우2리부대앞,전곡삼거리마트,멱우2리,육일2리.코스코밸리,멱우1리,사강복지회관,화수사거리,사강시장,경기요양병원,사강정형외과,호곡리,봉가1리,화수1리입구,돼지고개.삼존리물미,호곡1리,삼존리,호곡2리,슬항3리,외국인보호소,화수1리,마도사거리,문화마을,재래시장.마도삼거리,선창포구종점,두곡리,쌍송리입구.은장고개,남양육리.남양1동,우림아파트,경기남부수협.보건소,남양성지,기업은행,남양중고입구.기아남양점,양우내안애,화성시청,공군부대입구,대광아파트,남양뉴타운.양우내안애,남양중고교입구,은장고개,구리섬앞,구리섬휴게소,삼존리자동차성능시험장,송산농협.사강정형외과,육일리.육교동입구,육일리마을회관,육일리교차로,코스코밸리아파트,전곡2리,,,,,,,,,,,,,,,,,,,,,,,,,,,,,,,,,,,,,,,,,,,,,,,,,,,,,,,,,,,,,,,,,,,,,
131,조암터미널,조암리(경유),시장앞,삼괴중고등학교,우정읍복지센터입구,한각리입구,멱우2리부대앞,멱우2리,멱우1리,화수사거리,경기요양병원,호곡리,화수1리입구,호곡1리,호곡2리,호곡3리입구,호곡3리마을회관,호곡리(경유),문화마을,선창포구종점,,,,,,,,,,,,,,,,,,,,,,,,,,,,,,,,,,,,,,,,,,,,,,,,,,,,,,,,,,,,,,,,,,,,,,,,,,,,,,,,,,,,,,,,,,,,,,,,,,,,,,,,,,,,,
132,대광아파트,공군부대입구,화성시청,남양뉴타운.양우내안애,남양중고교입구,기업은행,남양사거리,남양읍행정복지센터,동수원남양병원,북양2리,봉림사입구,북양산업단지,북양교차로,자안리,청요사거리,추모공원,청요3리마을회관,가골입구앞,청요2리,청요리,기천저수지,초당골,상기2리,상기2리입구,상기1리즘곰마을,상기1리호현리,상기1리세거리,수원여대혜란캠퍼스,왕림휴게소,장안대학,삼봉마을.신안인스빌,봉담읍행정복지센터,봉담중.고등학교,동일하이빌.상봉초등학교,동일하이빌.화성고용센터,동화휴먼시아6단지,주공6단지,분천리.분천교회,수원신학교,보통리입구,호수마을,아랫말.수기리,수기리,남산공단입구,편의점,수원과학대학,대한적십자교육원,그린피아호텔,안녕3통입구,융건릉,타래치길,안녕자원앞,용주사,우남블루존.원광병원,남수원현대아파트,안녕농협삼거리,송산동입구,동문아파트,진안5통.병점육교,병점역후문,유엔아이,한일타운아파트,신창미션힐.송화초교,병점역사거리,홈플러스.벌말초교,안용중학교.현충탑,안녕자원,지킴이마을.타래치길,안녕4통입구,흥법사입구,수기리아랫말,동화중학교,중심상가.화성고용센터,동화휴먼시아1단지.상봉초등학교,봉담택지지구,아울렛패션몰,세거리.상기1리,호현리.상기1리,즘곰마을.상기1리,상기2리마을회관,초당골앞,청요1리,청요3리,남양중고입구.기아남양점,양우내안애,,,,,,,,,,,,,,,,,,,,,,,,,,,,,,,,,,,,,,,,,,,,
133,기업은행,남양중고입구.기아남양점,양우내안애,현대아파트,기산베스트빌,화성서부경찰서,신남4통,신남1통,안석2통,신남3통,장덕2통.현대자동차연구소,장덕1통,벧엘기도원,장덕동,장덕동수라청,매바위,현대수산,석포6리(마파지),석포6리입구,주곡리,주곡1리마을회관,금의2리,경신공업사,주곡2리입구,화수사거리,멱우1리,멱우2리,멱우2리부대앞,우정읍행정복지센터,조암터미널,조암농협,시장앞,삼괴중고등학교,우정읍복지센터입구,남양뉴타운.양우내안애,남양중고교입구,남양사거리,,,,,,,,,,,,,,,,,,,,,,,,,,,,,,,,,,,,,,,,,,,,,,,,,,,,,,,,,,,,,,,,,,,,,,,,,,,,,,,,,,,,,,,,,,,,
134,남양성지,기업은행,남양중고입구.기아남양점,현대아파트,기산베스트빌,화성서부경찰서,신남4통,신남1통마을입구,신남1통,안석2통,신남3통,신남3통.은강교,신남3통.돌문안,신남3통마을회관,창덕1통.잡재기,신남2통,마도교차로,쌍송1리앞,마도유통상가앞,쌍송2리앞,마도산업단지,청원2리.수루지,청원2리,청원4리마을회관,막산리,청원4리.막상공원,청원공단,세종슈퍼앞,슬항1리.절골,마도면행정복지센터,마도소방서,마도농협,청원초등학교,청원교회,금당공단앞,금당2리,금당1리.소곡,금당1리마을회관,해문2리마을회관,해문1리,해문1리.질고개,사강정형외과,청원2리.창고앞,쌍송2리마을회관,쌍송2리.산업단지내,남양중고교입구,,,,,,,,,,,,,,,,,,,,,,,,,,,,,,,,,,,,,,,,,,,,,,,,,,,,,,,,,,,,,,,,,,,,,,,,,,,,,,,,,,,
135,신경대학,남양뉴타운9단지,남양뉴타운1단지,현대아이파크,우림필유,남양동광뷰엘,남양도서관.동광뷰엘,남양읍행정복지센터,남양사거리,남양성지,경기남부수협.보건소,우림아파트,금강아파트,기업은행,남양중고입구.기아남양점,양우내안애,대광2차아파트,남양뉴타운.양우내안애,남양중고교입구,남양아이파크,,,,,,,,,,,,,,,,,,,,,,,,,,,,,,,,,,,,,,,,,,,,,,,,,,,,,,,,,,,,,,,,,,,,,,,,,,,,,,,,,,,,,,,,,,,,,,,,,,,,,,,,,,,,,
136,기업은행,남양중고입구.기아남양점,양우내안애,화성시청,공군부대입구,대광아파트,그린빌라.롤링힐스,무송1통마을입구,무송그린빌리지,무송교차로,활초교회앞,활초동마을회관,살곶이,활초삼거리,안석1통마을회관,안석1통,안석2통마을회관,안석2통동녘회관,안석2통,신남1통,신남4통,화성서부경찰서,기산베스트빌,현대아파트,남양뉴타운.양우내안애,남양중고교입구,남양사거리,,,,,,,,,,,,,,,,,,,,,,,,,,,,,,,,,,,,,,,,,,,,,,,,,,,,,,,,,,,,,,,,,,,,,,,,,,,,,,,,,,,,,,,,,,,,,,,,,,,,,,
137,기업은행,남양중고입구.기아남양점,양우내안애,화성시청,공군부대입구,대광아파트,그린빌라.롤링힐스,무송1통마을입구,무송그린빌리지,무송교차로,활초교회앞,활초동마을회관,활초삼거리,안석1통마을회관,안석1통,안석2통마을회관,안석2통동녘회관,안석2통,신남1통,신남4통,화성서부경찰서,기산베스트빌,현대아파트,남양뉴타운.양우내안애,남양중고교입구,남양사거리,,,,,,,,,,,,,,,,,,,,,,,,,,,,,,,,,,,,,,,,,,,,,,,,,,,,,,,,,,,,,,,,,,,,,,,,,,,,,,,,,,,,,,,,,,,,,,,,,,,,,,,
138,신경대학,남양뉴타운9단지,남양뉴타운1단지,현대아이파크,우림필유,남양동광뷰엘,기업은행,남양사거리,남양읍행정복지센터,남양도서관.동광뷰엘,남양아이파크,,,,,,,,,,,,,,,,,,,,,,,,,,,,,,,,,,,,,,,,,,,,,,,,,,,,,,,,,,,,,,,,,,,,,,,,,,,,,,,,,,,,,,,,,,,,,,,,,,,,,,,,,,,,,,,,,,,,,,
139,신경대학,남양뉴타운9단지,남양뉴타운1단지,현대아이파크,우림필유,남양동광뷰엘,남양도서관.동광뷰엘,남양읍행정복지센터,남양사거리,기업은행,남양중고입구.기아남양점,양우내안애,화성시청,공군부대입구,대광아파트,남양뉴타운.양우내안애,남양중고교입구,남양아이파크,,,,,,,,,,,,,,,,,,,,,,,,,,,,,,,,,,,,,,,,,,,,,,,,,,,,,,,,,,,,,,,,,,,,,,,,,,,,,,,,,,,,,,,,,,,,,,,,,,,,,,,,,,,,,,,
140,남양성지,원촌동입구,송림2리.잔다리,원천교회,원촌동,들고개,시1동,가시리마을,시2동,문호2동,문호동,문호1동,문호1동.당너머마을,신외동,신외1동,신외1동마을회관,신외2통.가래울,신외2통.고잔,신외1통,장전동마을회관,장전동,수화동,수화1동,당넘어앞,수화2동.양철이,삼부실,정원채고가,송림동,송림동입구,,,,,,,,,,,,,,,,,,,,,,,,,,,,,,,,,,,,,,,,,,,,,,,,,,,,,,,,,,,,,,,,,,,,,,,,,,,,,,,,,,,,,,,,,,,,,,,,,,,,
141,금강아파트,샘터교차로,우림아파트,경기남부수협.보건소,남양성지,기업은행,남양중고입구.기아남양점,양우내안애,대광2차아파트,화성시청,공군부대입구,대광아파트,남양뉴타운.양우내안애,남양중고교입구,,,,,,,,,,,,,,,,,,,,,,,,,,,,,,,,,,,,,,,,,,,,,,,,,,,,,,,,,,,,,,,,,,,,,,,,,,,,,,,,,,,,,,,,,,,,,,,,,,,,,,,,,,,,,,,,,,,
142,금강아파트,샘터교차로,우림아파트,경기남부수협.보건소,남양성지,기업은행,남양중고입구.기아남양점,양우내안애,대광2차아파트,남양뉴타운.양우내안애,남양중고교입구,,,,,,,,,,,,,,,,,,,,,,,,,,,,,,,,,,,,,,,,,,,,,,,,,,,,,,,,,,,,,,,,,,,,,,,,,,,,,,,,,,,,,,,,,,,,,,,,,,,,,,,,,,,,,,,,,,,,,,
143,신경대학,현대아이파크,우림필유,남양동광뷰엘,남양도서관.동광뷰엘,남양읍행정복지센터,남양사거리,남양성지,경기남부수협.보건소,우림아파트,남양육리.남양1동,은장고개,두곡리,재래시장.마도삼거리,마도사거리,외국인보호소,구리섬앞,구리섬휴게소,삼존리자동차성능시험장,돼지고개.삼존리물미,봉가1리,송산농협.사강정형외과,사강시장,사강복지회관,사강정형외과,삼존리,슬항3리,쌍송리입구.은장고개,,,,,,,,,,,,,,,,,,,,,,,,,,,,,,,,,,,,,,,,,,,,,,,,,,,,,,,,,,,,,,,,,,,,,,,,,,,,,,,,,,,,,,,,,,,,,,,,,,,,,
144,대광아파트,공군부대입구,화성시청,남양뉴타운.양우내안애,남양중고교입구,기업은행,남양사거리,남양읍행정복지센터,동수원남양병원,북양1통.봉림사,대방노블랜드1차,금강팬테리움,반도유보라,송산고,휴먼빌,이지더원,요진Y시티,북양1통,남양중고입구.기아남양점,양우내안애,,,,,,,,,,,,,,,,,,,,,,,,,,,,,,,,,,,,,,,,,,,,,,,,,,,,,,,,,,,,,,,,,,,,,,,,,,,,,,,,,,,,,,,,,,,,,,,,,,,,,,,,,,,,,
145,남양성지,수작이교차로,송림동입구,송림동,정원채고가,수화2동.양철이,당넘어앞,수화1동,수화동,장전동입구,신외동,문호1동.당너머마을,문호1동,문호동,문호2동,시2동,가시리마을,시1동,들고개,원촌동,원천교회,송림2리.잔다리,원촌동입구,,,,,,,,,,,,,,,,,,,,,,,,,,,,,,,,,,,,,,,,,,,,,,,,,,,,,,,,,,,,,,,,,,,,,,,,,,,,,,,,,,,,,,,,,,,,,,,,,,,,,,,,,,
146,조암터미널,조암삼거리(경유),조암8리,우정초등학교,조암4리앞,운평2리,운평리,원안3리,원안2리,복지회관,거물마을,원안1리종점,관음사입구,봉래사,화수2리,화수사거리,경신공업사,금의2리,주곡1리,금의3리,석포3리,석포2리,석포초등학교,석포삼거리,서근리,화당리,월문리,월문초등학교,월문리온천입구,해창1리.우리꽃식물원,매곡리,한국폴리텍대학,제암리,동양빌딩앞,화성시보건소앞,발안만세시장,,,,,,,,,,,,,,,,,,,,,,,,,,,,,,,,,,,,,,,,,,,,,,,,,,,,,,,,,,,,,,,,,,,,,,,,,,,,,,,,,,,,,,,,,,,,,
147,쌍용아파트,봉담푸르지오.아이파크,임광3차정문,임광3차중문,임광1.2단지,수원대학교,융건로,배양초등학교,신미주아파트남문.예일유치원,신미주아파트후문,기배동주민센터,기안1통입구,기안교차로,동철전자앞,,,,,,,,,,,,,,,,,,,,,,,,,,,,,,,,,,,,,,,,,,,,,,,,,,,,,,,,,,,,,,,,,,,,,,,,,,,,,,,,,,,,,,,,,,,,,,,,,,,,,,,,,,,,,,,,,,,
148,조암터미널,조암삼거리(경유),조암8리,우정초등학교,조암4리앞,운평2리,운평리,원안3리,원안2리,복지회관,거물마을,원안1리종점,관음사입구,봉래사,화수2리,화수사거리,경신공업사,금의2리,주곡1리입구,주곡1리마을회관,주곡1리,금의3리,석포3리,석포2리,석포초등학교,석포삼거리,서근리,화당리,월문리,월문초등학교,월문리온천입구,해창1리.우리꽃식물원,매곡리,한국폴리텍대학,제암리,동양빌딩앞,화성시보건소앞,발안만세시장,,,,,,,,,,,,,,,,,,,,,,,,,,,,,,,,,,,,,,,,,,,,,,,,,,,,,,,,,,,,,,,,,,,,,,,,,,,,,,,,,,,,,,,,,,,
149,조암터미널,수원과학대학,조암삼거리(경유),대한적십자교육원,조암8리,남산공단입구,우정초등학교,그린피아호텔,조암4리앞,안녕3통입구,운평2리,융건릉사거리,운평리,안녕4통,원안3리,수원대학교,원안2리,와우2리,와우농협앞,관음사입구,기안2통,봉래사,기배동행정복지센터,화수2리,배양2리,화수사거리,기안말앞,경신공업사,동철전자,금의2리,주곡1리입구,주곡1리마을회관,주곡1리,금의3리,석포3리,석포2리,석포초등학교,석포삼거리,서근리,화당리,월문리,월문초등학교,월문리온천입구,해창1리.우리꽃식물원,매곡리,한국폴리텍대학,제암리,동양빌딩앞,화성시보건소앞,발안만세시장,기안1통입구,안녕4통입구,편의점,,,,,,,,,,,,,,,,,,,,,,,,,,,,,,,,,,,,,,,,,,,,,,,,,,,,,,,,,,,,,,,,,,,,,,,,,,,,
150,동탄2차고지,자이파밀리에.LH29,금호어울림.계룡리슈빌,동탄호수공원,호수부영3차.우미린2차,나래학교,반도3.금강,의료시설부지,리베라CC,한화.린스트라우스,포스코더샵.롯데캐슬,우남퍼스트빌,상록.테크노밸리.GS자이,한미약품.푸르지오,예당고사거리,전하리교회.우미제일,한림대성심병원,기흥동탄TG(경유),이마트.한림대병원,롯데캐슬.포스코더샵,린스트라우스.한화,공공청사부지,레이크빌.하우스디더레이크,우미린2차.호수부영3차,계룡리슈빌.금호어울림,LH29.자이파밀리에,,,,,,,,,,,,,,,,,,,,,,,,,,,,,,,,,,,,,,,,,,,,,,,,,,,,,,,,,,,,,,,,,,,,,,,,,,,,,,,,,,,,,,,,,,,,,,,,,,,,,,,
151,동탄2차고지,자이파밀리에.LH29,금호어울림.계룡리슈빌,아이파크.호수부영4차,아이파크.호수부영5차,호수공원행복주택.호수부영6차,호수부영1차,서희스타힐스.단독주택,창의고,한신더휴,베라체아파트,예솔초.호반2차.대원2차,신안2차.반도4차,모아.반도아파트,이주택지.상록.경남아파트,성원아파트.이지더원,동탄2파출소.농협,영천리,상록.경남아파트.이주택지,반도.모아아파트,대우푸르지오.호반베르디움2차,청목초.신안1차,동원로얄듀크2차,힐스테이트.호반5차,호수부영6차.호수공원행복주택,호수부영5차.아이파크,호수부영4차.아이파크,계룡리슈빌.금호어울림,LH29.자이파밀리에,,,,,,,,,,,,,,,,,,,,,,,,,,,,,,,,,,,,,,,,,,,,,,,,,,,,,,,,,,,,,,,,,,,,,,,,,,,,,,,,,,,,,,,,,,,,,,,,,,,,
152,한화꿈에그린,한화.호반.대원,호반베르디움.롯데캐슬,대우푸르지오.반도유보라,호반베르디움,무봉초,경남.반도1차,영천유.금성백조,영천초.계룡,자이.우남퍼스트빌,상록.테크노밸리.GS자이,센트럴상록.동원1차,영천리,동탄2파출소.농협,성원아파트.이지더원,상록.경남아파트.이주택지,반도.모아아파트,대우푸르지오.호반베르디움2차,청목초.신안1차,,,,,,,,,,,,,,,,,,,,,,,,,,,,,,,,,,,,,,,,,,,,,,,,,,,,,,,,,,,,,,,,,,,,,,,,,,,,,,,,,,,,,,,,,,,,,,,,,,,,,,,,,,,,,,
153,동탄2차고지,자이파밀리에.LH29,금호어울림.계룡리슈빌,동탄호수공원,호수부영3차.우미린2차,나래학교,반도3.금강,의료시설부지,리베라CC,한화.린스트라우스,포스코더샵.롯데캐슬,우남퍼스트빌,상록.테크노밸리.GS자이,한미약품.푸르지오,예당고사거리,전하리교회.우미제일,한림대성심병원,기흥동탄TG(경유),이마트.한림대병원,롯데캐슬.포스코더샵,린스트라우스.한화,공공청사부지,레이크빌.하우스디더레이크,우미린2차.호수부영3차,계룡리슈빌.금호어울림,LH29.자이파밀리에,,,,,,,,,,,,,,,,,,,,,,,,,,,,,,,,,,,,,,,,,,,,,,,,,,,,,,,,,,,,,,,,,,,,,,,,,,,,,,,,,,,,,,,,,,,,,,,,,,,,,,,
154,동탄차고지,동탄국제고등학교,에일린의뜰.중흥S클래스에코밸리,행복주택,동탄초교,신미주아파트,반도5차,업무복합부지,반도6차,치동초등학교,한미약품.푸르지오,예당고사거리,전하리교회.우미제일,한림대성심병원,기흥동탄TG(경유),,,,,,,,,,,,,,,,,,,,,,,,,,,,,,,,,,,,,,,,,,,,,,,,,,,,,,,,,,,,,,,,,,,,,,,,,,,,,,,,,,,,,,,,,,,,,,,,,,,,,,,,,,,,,,,,,,
155,화산초등학교,한승미메이드아파트,영화빌라앞,한승미메이드1차,안녕농협,송산동입구,동문아파트,진안5통.병점육교,병점역후문,유엔아이,한일타운아파트,우남퍼스트빌3차아파트,신창미션힐.송화초교,병점역사거리,홈플러스.벌말초교,안용중학교.현충탑,안녕농협앞,,,,,,,,,,,,,,,,,,,,,,,,,,,,,,,,,,,,,,,,,,,,,,,,,,,,,,,,,,,,,,,,,,,,,,,,,,,,,,,,,,,,,,,,,,,,,,,,,,,,,,,,,,,,,,,,
156,한승미메이드아파트,화산초등학교,영화빌라앞,한승미메이드1차,안녕농협,송산동입구,동문아파트,황계동,황계동입구,진안5통.병점육교,병점역후문,유엔아이,한일타운아파트,우남퍼스트빌3차아파트,신창미션힐.송화초교,병점역사거리,홈플러스.벌말초교,안용중학교.현충탑,안녕농협앞,,,,,,,,,,,,,,,,,,,,,,,,,,,,,,,,,,,,,,,,,,,,,,,,,,,,,,,,,,,,,,,,,,,,,,,,,,,,,,,,,,,,,,,,,,,,,,,,,,,,,,,,,,,,,,
157,조암터미널,조암리(경유),시장앞,삼괴중고등학교,삼미.쌍용아파트,우정읍복지센터입구,천천리입구,한각리입구,천천리,멱우2리부대앞,옥산마을,멱우2리,전승아파트,멱우1리,매송초등학교,화수사거리,원평,경신공업사,51사단,금의2리,어천저수지,주곡1리,매송농협,매송면복지센터후문,금의3리,매송농협창고,석포3리,숙곡리삼거리,송라리,석포2리,송라2리마을회관,송라2리낚시터,석포초등학교,석포1리입구,원리다세대주택,석포리,원리마을회관,석포5리,원리슈퍼,석포5리마을회관앞,송라1리,석포1리(돌서지),매송휴먼시아후문,석포1리(한절),야목3리.당골마을,석포6리입구,야목4리마을회관,석포6리(마파지),야목4리.빈정,석포6리,석포교회,야목리,야목2리휴먼시아,석포삼거리,야목2리,야목1리,서근리,화당리,숙곡리,월문리,월문초등학교,월문리온천입구,해창1리.우리꽃식물원,매곡리,한국폴리텍대학,제암리,동양빌딩앞,우림아파트.화성노인회관,주공아파트,장짐삼거리앞,화성중고등학교,발안만세시장,,,,,,,,,,,,,,,,,,,,,,,,,,,,,,,,,,,,,,,,,,,,,,,,,,,,,,,,,
158,조암터미널,수원과학대학,조암리(경유),대한적십자교육원,어은삼거리,남산공단입구,거문들,흥법사입구,어은1정미소앞,수기리아랫말,어은1리,호수마을,어은1리한양빌라앞,보통리입구,금의1리입구,수원신학교,수촌3리,분천리,협성대,수촌1리,한신아파트,성문,봉담읍행정복지센터,해창2리.능인대학원대학교,국민체육센터,해창1리.우리꽃식물원,봉담중.고등학교,매곡리,동일하이빌.상봉초등학교,고주리입구.한국폴리텍대학,하나로마트.화성고용센터,제암리입구,동화휴먼시아2단지,고주리마을회관,동화휴먼시아3.4단지.봉담우체국,고주리,주공5단지,고주리.동방산업단지,효행초등학교정문,발안주공아파트,봉담푸르지오.아이파크,발안마을주공아파트,쌍용아파트,우림아파트.화성노인회관,동부아파트,화성시보건소앞,신명아파트,발안만세시장,수원대입구,와우2리,와우농협앞,보보스.롯데슈퍼,기안중학교,기안성당,신일해피트리후문,기배동행정복지센터,신미주아파트후문,신미주아파트남문.예일유치원,신미주아파트,임광그대가3단지,동화초.동화휴먼시아3단지,동화마을1단지.화성고용센터,동화휴먼시아1단지.상봉초등학교,동문아파트.협성대학교.봉담중고교,봉담호수공원.신협앞,봉담한신아파트,협성대학교,분천교회.분천리,아랫말.수기리,수기리,편의점,,,,,,,,,,,,,,,,,,,,,,,,,,,,,,,,,,,,,,,,,,,,,,,,,,,,,,,,,,
159,서동탄역,신일해피트리아파트,푸른마을.두산위브,나래울,모아미래도.자연앤,자연앤데시앙,한마음초교.광명메이루즈,모아미래도아파트,숲속자연앤,능동은행사거리,센트럴파크,금호어울림,메타폴리스,동양파라곤,현대아이파크,한화꿈에그린아파트,자연앤아너스빌,자연앤아너스빌.한마음초교,,,,,,,,,,,,,,,,,,,,,,,,,,,,,,,,,,,,,,,,,,,,,,,,,,,,,,,,,,,,,,,,,,,,,,,,,,,,,,,,,,,,,,,,,,,,,,,,,,,,,,,,,,,,,,,
160,서동탄역,신일해피트리아파트,두산신일아파트,모아포스코아파트,모아미래도,풍성신미주아파트(중),새강마을.휴먼시아,새강주공휴먼시아,나루마을상가,동탄2동행정복지센터,복합문화센터,동탄홈플러스,다은마을(중),풍성신미주(중),우림필유,,,,,,,,,,,,,,,,,,,,,,,,,,,,,,,,,,,,,,,,,,,,,,,,,,,,,,,,,,,,,,,,,,,,,,,,,,,,,,,,,,,,,,,,,,,,,,,,,,,,,,,,,,,,,,,,,,
161,동탄2LH4단지,LH4단지후문,동탄2부영아파트,한백초중교,반도유보라정문,반도유보라후문,이주택지.상록.경남아파트,성원아파트.이지더원,동탄2파출소.농협,동원1차.센트럴상록,한미약품.푸르지오,예당고사거리,전하리교회.우미제일,동탄이마트.한림대병원,예당마을.롯데캐슬(중),한빛마을.석우중학교(중),한화꿈에그린아파트,센트럴파크,능동은행사거리,미즈파크병원,크리스찬교회,이지더원,신미주아파트앞,주공8단지,주공10.11단지,중심상가,롯데시네마,진안동,병점사거리,병점역사거리,신창미션힐.송화초교,병점정형외과(경유),동부출장소.병점초등학교,병점화남아파트,주공11단지.우남퍼스트빌2차,주공7.8단지,신미주아파트.주공6단지,풍성신미주,경남아너스빌,동탄3동행정복지센터,금호어울림,한빛마을(중),센트럴상록.동원1차,상록.경남아파트.이주택지,,,,,,,,,,,,,,,,,,,,,,,,,,,,,,,,,,,,,,,,,,,,,,,,,,,,,,,,,,,,,,,,,,,,,,,,,,,,,,,,,,,,,
162,동탄2LH4단지,LH4단지후문,동탄2부영아파트,한백초중교,이주택지.상록.경남아파트,성원아파트.이지더원,동탄2파출소.농협,동원1차.센트럴상록,한미약품.푸르지오,예당고사거리,전하리교회.우미제일,동탄이마트.한림대병원,예당마을.롯데캐슬(중),한빛마을.석우중학교(중),메타폴리스(중),다은마을(중),풍성신미주(중),모아미래도.우림필유.평생학습관(중),서동탄역신일해피트리(중),우남아파트,성호아파트,송화초교.양우내안애,신창미션힐.송화초교,병점정형외과(경유),병점역사거리,홈플러스.벌말초교,풍성신미주아파트(중),한빛마을(중),센트럴상록.동원1차,상록.경남아파트.이주택지,,,,,,,,,,,,,,,,,,,,,,,,,,,,,,,,,,,,,,,,,,,,,,,,,,,,,,,,,,,,,,,,,,,,,,,,,,,,,,,,,,,,,,,,,,,,,,,,,,,
163,신영통현대타운.두산위브,반월리큰고개,빅마켓앞,삼성반도체후문,IT단지(중),한림대병원(중),동탄이마트.한림대병원,예당마을.롯데캐슬(중),한화꿈에그린아파트,센트럴파크,자연앤아너스빌,숲속자연앤,동탄고등학교,모아미래도,모아미래도.우림필유.평생학습관(중),서동탄역신일해피트리(중),우남아파트,두산신일아파트,모아포스코아파트,능동은행사거리,금호어울림,한빛마을(중),농서리,,,,,,,,,,,,,,,,,,,,,,,,,,,,,,,,,,,,,,,,,,,,,,,,,,,,,,,,,,,,,,,,,,,,,,,,,,,,,,,,,,,,,,,,,,,,,,,,,,,,,,,,,,
164,신영통현대타운.두산위브,반월리큰고개,빅마켓앞,삼성반도체후문,IT단지(중),한림대병원(중),예당고사거리,한미약품.푸르지오,상록.테크노밸리.GS자이,우남퍼스트빌.자이,계룡.영천초,금성백조.영천유,반도1차.경남,반도.모아아파트,대우푸르지오.호반베르디움2차,청목초.신안1차,신리입구,호반3차.창의고,금강팬테리움2차,호수부영1차,베라체.목동초,베라체아파트,예솔초.호반2차.대원2차,신안2차.반도4차,모아.반도아파트,경남.반도1차,영천유.금성백조,영천초.계룡,자이.우남퍼스트빌,전하리교회.우미제일,농서리,,,,,,,,,,,,,,,,,,,,,,,,,,,,,,,,,,,,,,,,,,,,,,,,,,,,,,,,,,,,,,,,,,,,,,,,,,,,,,,,,,,,,,,,,,,,,,,,,,
165,자이파밀리에.LH29,금호어울림.계룡리슈빌,아이파크.호수부영4차,아이파크.호수부영5차,호수공원행복주택.호수부영6차,호수부영1차,서희스타힐스.단독주택,창의고,한신더휴,베라체아파트,예솔초.호반2차.대원2차,호반베르디움,무봉초,이주택지.상록.경남아파트,성원아파트.이지더원,동탄2파출소.농협,동원1차.센트럴상록,한미약품.푸르지오,예당고사거리,전하리교회.우미제일,동탄이마트.한림대병원,예당마을.롯데캐슬(중),한빛마을.석우중학교(중),한화꿈에그린아파트,센트럴파크,자연앤아너스빌,숲속자연앤,모아미래도아파트,한마음초교.광명메이루즈,자연앤아너스빌.한마음초교,신미주아파트,주공5단지,주공4단지,우남퍼스트빌,병점고등학교,신창미션힐,신창미션힐.송화초교,병점정형외과(경유),병점역사거리,홈플러스.벌말초교,한신아파트,신창2차아파트,정든공원,자연앤데시앙,능동은행사거리,금호어울림,한빛마을(중),센트럴상록.동원1차,상록.경남아파트.이주택지,KCC스위첸,대우푸르지오.호반베르디움2차,청목초.신안1차,동원로얄듀크2차,힐스테이트.호반5차,호수부영6차.호수공원행복주택,호수부영5차.아이파크,호수부영4차.아이파크,계룡리슈빌.금호어울림,LH29.자이파밀리에,,,,,,,,,,,,,,,,,,,,,,,,,,,,,,,,,,,,,,,,,,,,,,,,,,,,,,,,,,,,,,,,,,,,,,
166,황계동입구,황계동,진안5통.병점육교,병점역후문,유엔아이,한일타운아파트,화성벌말초등학교,효성헤링턴플레이스,병점역,신한에스빌아파트앞,진안동,진안초교,미득골마을,반정리,목양교회,태안119안전센터,신한에스빌아파트,동부출장소앞,홈플러스,,,,,,,,,,,,,,,,,,,,,,,,,,,,,,,,,,,,,,,,,,,,,,,,,,,,,,,,,,,,,,,,,,,,,,,,,,,,,,,,,,,,,,,,,,,,,,,,,,,,,,,,,,,,,,
167,장짐삼거리(경유),화성중고등학교,발안삼거리.바다마트,KEB하나은행발안지점,발안초등학교,향남읍행정복지센터,화성소방서.향남홈플러스,에일린의뜰,단독주택단지,방축리,향남주공1.2단지,향남부영3단지,향남부영7.롯데씨네마,향남모아8단지,향남부영9단지,양석골,상두1리,백토1리,한미공조앞,백토2리,요리공단,요꼴마을회관,요꼴,요리,길성리,현대공조,롯데씨네마.향남부영7,신영지웰,화성중앙병원.발안초등학교,발안사거리.평리,,,,,,,,,,,,,,,,,,,,,,,,,,,,,,,,,,,,,,,,,,,,,,,,,,,,,,,,,,,,,,,,,,,,,,,,,,,,,,,,,,,,,,,,,,,,,,,,,,,
168,장짐삼거리(경유),화성중고등학교,발안삼거리.바다마트,KEB하나은행발안지점,발안초등학교,향남읍행정복지센터,화성소방서.향남홈플러스,에일린의뜰,단독주택단지,방축리,향남주공1.2단지,향남부영3단지,향남부영7.롯데씨네마,향남모아8단지,향남부영11단지,향남부영10.11단지,양석골,상두리맹산,대양1리.포도원,상두리입구,대양1리,대양4리,동양콘크리트입구,대양3리마을회관,신한바이오캠,대양2리,신왕리,양감보건소,요당리,요당성지,충만주유소,신왕2리마을회관,양감면행정복지센터,향남부영9단지,롯데씨네마.향남부영7,신영지웰,화성중앙병원.발안초등학교,발안사거리.평리,,,,,,,,,,,,,,,,,,,,,,,,,,,,,,,,,,,,,,,,,,,,,,,,,,,,,,,,,,,,,,,,,,,,,,,,,,,,,,,,,,,,,,,,,,,
169,향남부영10.11단지,향남부영11단지,향남모아8단지,롯데씨네마.향남부영7,향남부영3단지,향남주공1.2단지,방축리,단독주택단지,신영지웰,화성소방서.향남홈플러스,향남읍행정복지센터,화성중앙병원.발안초등학교,발안사거리.평리,발안삼거리,화성종합경기타운사거리,향남홈플러스,대방노블랜드,행정리,백토리상공회의소,안골목장,향남초등학교,백토리사거리,화리현리,양석골,상두리맹산,대양1리.포도원,상두리입구,대양1리,대양4리,대양2리,신왕리,양감보건소,양감농협,양감초중교,양감초등학교.중학교,독줄입구,신왕공단,솔안고개,솔안,용소2리,용소3리,경모목장,사창4리,경기도종합사격장,솔안슈퍼,신왕2리.독줄입구,신왕3리.양감초등학교,양감면행정복지센터,백토1리,상록하늘채,향남환승터미널,KEB하나은행발안지점,발안초등학교,에일린의뜰,향남부영7.롯데씨네마,,,,,,,,,,,,,,,,,,,,,,,,,,,,,,,,,,,,,,,,,,,,,,,,,,,,,,,,,,,,,,,,,,,,,,,,,,
170,조암터미널,조암삼거리(경유),조암8리,우정초등학교,조암4리앞,운평2리,운평리,원안3리,원안2리,복지회관,거물마을,원안1리종점,원안1리(경유),금강아파트,,,,,,,,,,,,,,,,,,,,,,,,,,,,,,,,,,,,,,,,,,,,,,,,,,,,,,,,,,,,,,,,,,,,,,,,,,,,,,,,,,,,,,,,,,,,,,,,,,,,,,,,,,,,,,,,,,,
171,조암터미널,조암삼거리(경유),조암8리,우정초등학교,조암4리앞,운평2리,운평리,원안3리,원안2리,복지회관,거물마을,원안1리종점,관음사입구,한각1리,저수지앞,멱우3리,한각리입구,우정읍복지센터입구,삼괴중고등학교,시장앞,,,,,,,,,,,,,,,,,,,,,,,,,,,,,,,,,,,,,,,,,,,,,,,,,,,,,,,,,,,,,,,,,,,,,,,,,,,,,,,,,,,,,,,,,,,,,,,,,,,,,,,,,,,,,
172,조암터미널,조암삼거리(경유),조암8리,우정초등학교,조암4리앞,운평2리,운평리,원안3리,원안2리,복지회관,거물마을,원안1리종점,관음사입구,봉래사,화수2리,화수사거리,멱우1리,멱우2리,멱우2리부대앞,한각리입구,우정읍복지센터입구,삼괴중고등학교,시장앞,,,,,,,,,,,,,,,,,,,,,,,,,,,,,,,,,,,,,,,,,,,,,,,,,,,,,,,,,,,,,,,,,,,,,,,,,,,,,,,,,,,,,,,,,,,,,,,,,,,,,,,,,,
173,조암터미널,조암리(경유),시장앞,삼괴중고등학교,우정읍복지센터입구,한각리입구,멱우2리부대앞,멱우2리,멱우1리,화수사거리,경신공업사,금의2리,주곡1리,금의3리,석포3리,석포2리,석포초등학교,석포4리,주곡1리입구,주곡1리마을회관,주곡2리입구,,,,,,,,,,,,,,,,,,,,,,,,,,,,,,,,,,,,,,,,,,,,,,,,,,,,,,,,,,,,,,,,,,,,,,,,,,,,,,,,,,,,,,,,,,,,,,,,,,,,,,,,,,,,
174,향남부영10.11단지,향남부영11단지,향남모아8단지,롯데씨네마.향남부영7,하길중학교,향남주공5단지입구,하길초등학교,향남주공5단지,향남부영3단지,향남주공1.2단지,방축리,단독주택단지,신영지웰,화성소방서.향남홈플러스,향남읍행정복지센터,화성중앙병원.발안초등학교,발안사거리.평리,발안삼거리,화성종합경기타운사거리,향남홈플러스,대방노블랜드,행정리,백토리상공회의소,관리고개,관리입구,동오사거리,동오리종점,문학주유소,문학1리,문학리,정남행정복합센터,신라주유소앞,신리앞,정남초등학교,정남도서관,정남농협,정남파출소,왕재고개,빼골,괘랑2리.차운혁충신정려문,새터말,앞말,뱅뱅이,돌고지,한강CM,신한미지엔아파트앞,북촌말입구,송산동입구,동문아파트,진안5통.병점육교,병점역후문,유엔아이,한일타운아파트,신창미션힐.송화초교,병점역사거리,홈플러스.벌말초교,안용중학교.현충탑,안녕동,효원납골공원,상록하늘채,향남환승터미널,KEB하나은행발안지점,발안초등학교,에일린의뜰,향남부영7.롯데씨네마,향남부영9단지,,,,,,,,,,,,,,,,,,,,,,,,,,,,,,,,,,,,,,,,,,,,,,,,,,,,,,,,,,,,,,,
175,향남부영10.11단지,향남부영11단지,향남모아8단지,롯데씨네마.향남부영7,하길중학교,향남주공5단지입구,하길초등학교,향남주공5단지,향남부영3단지,향남주공1.2단지,방축리,단독주택단지,신영지웰,화성소방서.향남홈플러스,향남읍행정복지센터,화성중앙병원.발안초등학교,발안사거리.평리,발안삼거리,화성종합경기타운사거리,향남홈플러스,대방노블랜드,행정리,백토리상공회의소,관리고개,관리입구,동오사거리,동오리종점,문학주유소,문학1리,문학리,정남행정복합센터,신라주유소앞,신리앞,정남초등학교,정남도서관,정남농협,정남파출소,왕재고개,빼골,괘랑2리.차운혁충신정려문,새터말,앞말,뱅뱅이,돌고지,한강CM,신한미지엔아파트앞,북촌말입구,송산동입구,동문아파트,진안5통.병점육교,병점역후문,유엔아이,한일타운아파트,화성벌말초등학교,효성헤링턴플레이스,병점역,병점역사거리,홈플러스.벌말초교,성호아파트,우남아파트,서동탄역신일해피트리(중),모아미래도.우림필유.평생학습관(중),풍성신미주아파트(중),다은마을(중),메타폴리스(중),한빛마을(중),예당마을.롯데캐슬(중),동탄이마트.한림대병원,예당고사거리,한미약품.푸르지오,상록.테크노밸리.GS자이,우남퍼스트빌,롯데캐슬.포스코더샵,동탄역(동측),포스코더샵.롯데캐슬,전하리교회.우미제일,한빛마을.석우중학교(중),풍성신미주(중),송화초교.양우내안애,신창미션힐.송화초교,화성보건소,홈플러스,안용중학교.현충탑,안녕동,효원납골공원,상록하늘채,향남환승터미널,KEB하나은행발안지점,발안초등학교,에일린의뜰,향남부영7.롯데씨네마,향남부영9단지,,,,,,,,,,,,,,,,,,,,,,,,,,,,,,,,,,,,,
176,조암터미널,조암리(경유),장안초등학교(경유),조암한라비발디,어은삼거리,수촌3리,해창2리.능인대학원대학교,해창1리.우리꽃식물원,제암리,주공아파트,발안삼거리.바다마트,발안초등학교,향남환승터미널,화성종합경기타운,점촌교차로(경유),가재교차로(경유),진우아파트,해병대사령부,가톨릭대학교,장안대학,봉담읍행정복지센터,동화리.동남아파트,천천IC(경유),덕리(경유),화성문화원.향남환승터미널,화성중앙병원.발안초등학교,발안마을주공아파트,장의리,,,,,,,,,,,,,,,,,,,,,,,,,,,,,,,,,,,,,,,,,,,,,,,,,,,,,,,,,,,,,,,,,,,,,,,,,,,,,,,,,,,,,,,,,,,,,,,,,,,,,
177,향남주공18단지,향남부영16단지,상신하길로주택,향남부영13단지,하길중학교,향남부영7.롯데씨네마,향남모아8단지,향남주공2단지,방축리,단독주택단지,신영지웰,화성소방서.향남홈플러스,향남환승터미널,화성종합경기타운,점촌교차로(경유),가재교차로(경유),진우아파트,해병대사령부,가톨릭대학교,왕람휴게소(경유),장안대학,봉담읍행정복지센터,동화리.동남아파트,천천IC(경유),덕리(경유),화성문화원.향남환승터미널,에일린의뜰,롯데씨네마.향남부영7,,,,,,,,,,,,,,,,,,,,,,,,,,,,,,,,,,,,,,,,,,,,,,,,,,,,,,,,,,,,,,,,,,,,,,,,,,,,,,,,,,,,,,,,,,,,,,,,,,,,,
178,장안대학,협성대학교정문,동화휴먼시아6단지,중심상가.화성고용센터,동화휴먼시아1단지.상봉초등학교,상봉초등학교,동문아파트.협성대학교.봉담중고교,봉담읍행정복지센터,동화리.동남아파트,천천IC(경유),,,,,,,,,,,,,,,,,,,,,,,,,,,,,,,,,,,,,,,,,,,,,,,,,,,,,,,,,,,,,,,,,,,,,,,,,,,,,,,,,,,,,,,,,,,,,,,,,,,,,,,,,,,,,,,,,,,,,,,
179,봉담IC교차로(경유),봉담읍행정복지센터,장안대학,왕림교차로(경유),해병대사령부,팔탄입구삼거리(경유),가재교차로(경유),점촌교차로(경유),바다마트,발안만세시장,화성시보건소앞,제약공단사원아파트앞,상신1리마을앞,상신6리,상신리,향남제약공단앞,제약공단후문.구문천1리입구,구문천리,하길4리입구,구문천리.돌래,요당3리,요당2리,향남제약공단입구,,,,,,,,,,,,,,,,,,,,,,,,,,,,,,,,,,,,,,,,,,,,,,,,,,,,,,,,,,,,,,,,,,,,,,,,,,,,,,,,,,,,,,,,,,,,,,,,,,,,,,,,,,
180,봉담IC교차로(경유),봉담읍행정복지센터,장안대학,왕림교차로(경유),해병대사령부,팔탄입구삼거리(경유),가재교차로(경유),점촌교차로(경유),바다마트,발안만세시장,화성시보건소앞,제약공단사원아파트앞,상신1리마을앞,상신6리,상신리,향남제약공단앞,제약공단후문.구문천1리입구,구문천리,하길4리입구,구문천리.돌래,요당3리,요당2리,향남제약공단입구,,,,,,,,,,,,,,,,,,,,,,,,,,,,,,,,,,,,,,,,,,,,,,,,,,,,,,,,,,,,,,,,,,,,,,,,,,,,,,,,,,,,,,,,,,,,,,,,,,,,,,,,,,
181,수원대학교,용건릉(경유),신한미지엔아파트앞,송산동입구,병점육교(경유),병점화남아파트,진안동,롯데시네마,안화초교.주공8.9단지,정든공원,모아미래도아파트,한마음초교.광명메이루즈,동탄고등학교,풍성신미주아파트(중),다은마을(중),메타폴리스(중),한빛마을(중),예당마을.롯데캐슬(중),기흥동탄TG(경유),한빛마을.석우중학교(중),풍성신미주(중),정든공원.숲속풍성신미주,,,,,,,,,,,,,,,,,,,,,,,,,,,,,,,,,,,,,,,,,,,,,,,,,,,,,,,,,,,,,,,,,,,,,,,,,,,,,,,,,,,,,,,,,,,,,,,,,,,,,,,,,,,
182,조암터미널,쌍용아파트,조암삼거리(경유),수영초등학교,장안여자중학교,수영오거리.신창아파트입구,사곡6리,수영오거리.방송통신대입구,사곡5리,국립축산과학원,사곡2리,노진4리,한국농수산대학,노진초등학교,신일우남아파트,노진2리(노인정),SK매직.우림그린빌리지,노진2리,평생플러스빌,노진5리,와우농협앞,노진3리,와우2리,노진리종점,수원대입구,임광1.2단지입구,노진5,봉담휴먼빌아파트,임광그대가3단지,효행초등학교,주공5단지,노진리,동화초.동화휴먼시아3단지,동화휴먼시아2단지,동화마을1단지.화성고용센터,동화휴먼시아1단지.상봉초등학교,상봉초등학교,동문아파트.협성대학교.봉담중고교,봉담호수공원.신협앞,봉담한신아파트,동일하이빌.상봉초등학교,하나로마트.화성고용센터,동화휴먼시아3.4단지.봉담우체국,효행초등학교정문,아이파크정문,신명아파트,수원대학교,신일해피트리1차,우림그린빌리지,광도와이드빌.우남그린빌,신창아파트,,,,,,,,,,,,,,,,,,,,,,,,,,,,,,,,,,,,,,,,,,,,,,,,,,,,,,,,,,,,,,,,,,,,,,,,,,,,,,
183,수영초등학교,수영오거리.신창아파트입구,수영오거리.방송통신대입구,대진화학,동화리.동남아파트,봉담읍행정복지센터,봉담한신아파트,동문아파트.협성대학교.봉담중고교,상봉초등학교,동일하이빌.상봉초등학교,동일하이빌.화성고용센터,장지천,동화휴먼시아6단지,DM디스플레이,동화중학교.동화초등학교,산척리,주공5단지,효행초등학교,우미린.하우스디더레이크,효행초등학교정문,나래학교,아이파크정문,반도유보라,신명아파트,금강.센트럴힐즈,수원대입구,수원대학교,호반베르디움3차,호반3차.창의고,임광1.2단지입구,신리입구,봉담휴먼빌아파트,임광그대가3단지,동화초중교,베라체.목동초,중심상가.화성고용센터,동화휴먼시아1단지.상봉초등학교,봉담호수공원.신협앞,봉담119안전센터,센트럴힐즈.금강,신창아파트,반도3.금강,레이크빌.하우스디더레이크,하우스디더레이크.우미린,방교초.레이크자이더테라스,,,,,,,,,,,,,,,,,,,,,,,,,,,,,,,,,,,,,,,,,,,,,,,,,,,,,,,,,,,,,,,,,,,,,,,,,,,,,,,,,,,,
184,수영오거리.방송통신대입구,봉담IC교차로(경유),동화리.동남아파트,봉담읍행정복지센터,장안대학,왕림교차로(경유),해병대사령부,팔탄입구삼거리(경유),가재교차로(경유),점촌교차로(경유),화성종합경기타운,화성문화원.향남환승터미널,향남읍행정복지센터,화성중앙병원.발안초등학교,발안사거리.평리,바다마트,발안만세시장,화성시보건소앞,제암리,한국폴리텍대학,매곡리,해창1리.우리꽃식물원,해창리,해창2리.능인대학원대학교,성문,수촌1리,수촌3리,장의리,금의1리,어은1리,어은1정미소앞,어은삼거리,조암한라비발디,조암터미널,조암리(경유),금의1리입구,KEB하나은행발안지점,발안초등학교,향남환승터미널,,,,,,,,,,,,,,,,,,,,,,,,,,,,,,,,,,,,,,,,,,,,,,,,,,,,,,,,,,,,,,,,,,,,,,,,,,,,,,,,,,,,,,,,,,
185,자이파밀리에.LH29,금호어울림.계룡리슈빌,동탄호수공원,호수부영3차.우미린2차,나래학교,반도3.금강,의료시설부지,리베라CC,한화.린스트라우스,동탄역(동측),우남퍼스트빌,상록.테크노밸리.GS자이,한미약품.푸르지오,예당고사거리,전하리교회.우미제일,한림대병원(중),IT단지(중),삼성반도체후문,농서리,반월리큰고개,신영통현대타운.두산위브,빅마켓앞,동탄역(서측),린스트라우스.한화,공공청사부지,레이크빌.하우스디더레이크,우미린2차.호수부영3차,계룡리슈빌.금호어울림,LH29.자이파밀리에,,,,,,,,,,,,,,,,,,,,,,,,,,,,,,,,,,,,,,,,,,,,,,,,,,,,,,,,,,,,,,,,,,,,,,,,,,,,,,,,,,,,,,,,,,,,,,,,,,,,
186,병점역후문,유엔아이,한일타운아파트,성호아파트,우남아파트,서동탄역신일해피트리(중),모아미래도.우림필유.평생학습관(중),풍성신미주아파트(중),새강마을.휴먼시아,새강주공휴먼시아,나루마을.한화꿈에그린2차,탄요유적공원,에일린의뜰.중흥S클래스에코밸리,행복주택,동탄초교,리베라CC,한화.린스트라우스,동탄역(동측),롯데캐슬.포스코더샵,린스트라우스.한화,나루마을.월드반도,신도브레뉴아파트,쌍용예가,솔빛마을.서해.쌍용아파트,풍성신미주(중),,,,,,,,,,,,,,,,,,,,,,,,,,,,,,,,,,,,,,,,,,,,,,,,,,,,,,,,,,,,,,,,,,,,,,,,,,,,,,,,,,,,,,,,,,,,,,,,,,,,,,,,
187,동탄2차고지,한국제지,금호어울림.계룡리슈빌,아이파크.호수부영4차,아이파크.호수부영5차,호수공원행복주택.호수부영6차,호수부영1차,서희스타힐스.단독주택,창의고,한신더휴,베라체아파트,예솔초.호반2차.대원2차,신안2차.반도4차,모아.반도아파트,이주택지.상록.경남아파트,성원아파트.이지더원,동탄2파출소.농협,상록.테크노밸리.GS자이,우남퍼스트빌,동탄역(서측),포스코더샵.롯데캐슬,센트럴상록.동원1차,상록.경남아파트.이주택지,반도.모아아파트,대우푸르지오.호반베르디움2차,청목초.신안1차,동원로얄듀크2차,힐스테이트.호반5차,호수부영6차.호수공원행복주택,호수부영5차.아이파크,호수부영4차.아이파크,계룡리슈빌.금호어울림,레이크반도9차,동탄2아이파크1단지,동탄2아이파크2단지,호반6차,,,,,,,,,,,,,,,,,,,,,,,,,,,,,,,,,,,,,,,,,,,,,,,,,,,,,,,,,,,,,,,,,,,,,,,,,,,,,,,,,,,,,,,,,,,,,
188,병점역,동부출장소.병점초등학교,병점화남아파트,진안동,롯데시네마,주공7.8단지,신미주아파트.주공6단지,풍성신미주,경남아너스빌,동탄3동행정복지센터,능동은행사거리,센트럴파크,금호어울림,메타폴리스(중),동탄홈플러스.다은마을삼성래미안,화성미디어센터,동탄보건지소.우체국,대우푸르지오.예당고등학교,예당고사거리,한미약품.푸르지오,상록.테크노밸리.GS자이,우남퍼스트빌,롯데캐슬.포스코더샵,린스트라우스.한화,리베라CC,공공청사부지,반도3.금강,레이크빌.하우스디더레이크,우미린2차.호수부영3차,동탄호수공원,계룡리슈빌.금호어울림,LH29.자이파밀리에,동탄2차고지,자이파밀리에.LH29,금호어울림.계룡리슈빌,호수부영3차.우미린2차,나래학교,의료시설부지,한화.린스트라우스,포스코더샵.롯데캐슬,동탄홈플러스,한화꿈에그린아파트,크리스찬교회,이지더원,밀알교회,신미주아파트앞,주공8단지,중심상가,병점사거리,,,,,,,,,,,,,,,,,,,,,,,,,,,,,,,,,,,,,,,,,,,,,,,,,,,,,,,,,,,,,,,,,,,,,,,,,,,,,,,,
189,병점역,병점역사거리,홈플러스.벌말초교,성호아파트,우남아파트,서동탄역신일해피트리(중),모아미래도.우림필유.평생학습관(중),풍성신미주아파트(중),새강마을.휴먼시아,나루마을상가,솔빛동탄경남아너스빌,동탄복합문화센터,화성미디어센터,동탄보건지소.우체국,대우푸르지오.예당고등학교,예당고사거리,한미약품.푸르지오,센트럴상록.동원1차,동탄2파출소.농협,성원아파트.이지더원,상록.경남아파트.이주택지,반도.모아아파트,대우푸르지오.호반베르디움2차,청목초.신안1차,동원로얄듀크2차,힐스테이트.호반5차,창의고,서희스타힐스.단독주택,호수부영1차,호수부영6차.호수공원행복주택,호수부영5차.아이파크,호수부영4차.아이파크,계룡리슈빌.금호어울림,LH29.자이파밀리에,동탄2차고지,자이파밀리에.LH29,금호어울림.계룡리슈빌,아이파크.호수부영4차,아이파크.호수부영5차,호수공원행복주택.호수부영6차,한신더휴,베라체아파트,예솔초.호반2차.대원2차,신안2차.반도4차,모아.반도아파트,이주택지.상록.경남아파트,동원1차.센트럴상록,솔빛마을상가,쌍용예가,솔빛마을.서해.쌍용아파트,풍성신미주(중),송화초교.양우내안애,신창미션힐.송화초교,,,,,,,,,,,,,,,,,,,,,,,,,,,,,,,,,,,,,,,,,,,,,,,,,,,,,,,,,,,,,,,,,,,,,,,,,,,,
190,서동탄역,신일해피트리아파트,푸른마을.두산위브,나래울,모아미래도.자연앤,한마음초사거리,경남아너스빌,동탄3동행정복지센터,능동은행사거리,센트럴파크,금호어울림,메타폴리스,동탄보건지소.우체국,대우푸르지오.예당고등학교,예당고사거리,한미약품.푸르지오,상록.테크노밸리.GS자이,우남퍼스트빌.자이,계룡.영천초,금성백조.영천유,반도1차.경남,반도.모아아파트,반도유보라.대우푸르지오,호반베르디움.롯데캐슬,한화.호반.대원,한화꿈에그린,리베라CC,동탄초교,행복주택,에일린의뜰.중흥S클래스에코밸리,사랑의교회,노작마을,포스코정문앞,풍성신미주(중),모아미래도.우림필유.평생학습관(중),,,,,,,,,,,,,,,,,,,,,,,,,,,,,,,,,,,,,,,,,,,,,,,,,,,,,,,,,,,,,,,,,,,,,,,,,,,,,,,,,,,,,,,,,,,,,,
191,서동탄역,모아미래도.우림필유.평생학습관(중),풍성신미주아파트(중),월드반도.노작마을,월드반도,에일린의뜰.중흥S클래스에코밸리,행복주택,동탄초교,리베라CC,한화꿈에그린,한화.호반.대원,호반베르디움.롯데캐슬,대우푸르지오.반도유보라,신안2차.반도4차,모아.반도아파트,경남.반도1차,영천유.금성백조,영천초.계룡,자이.우남퍼스트빌,상록.테크노밸리.GS자이,한미약품.푸르지오,대우푸르지오.예당고등학교,동탄119안전센터,현대아이파크,한화꿈에그린아파트,센트럴파크,능동은행사거리,크리스찬교회,이지더원,한마음초사거리,모아미래도.자연앤,나래울,푸른마을.두산위브,신일해피트리아파트,,,,,,,,,,,,,,,,,,,,,,,,,,,,,,,,,,,,,,,,,,,,,,,,,,,,,,,,,,,,,,,,,,,,,,,,,,,,,,,,,,,,,,,,,,,,,,,
192,동탄역(동측),탄요유적공원삼거리(경유),서동탄역사거리(경유),병점역후문,화성벌말초(경유),,,,,,,,,,,,,,,,,,,,,,,,,,,,,,,,,,,,,,,,,,,,,,,,,,,,,,,,,,,,,,,,,,,,,,,,,,,,,,,,,,,,,,,,,,,,,,,,,,,,,,,,,,,,,,,,,,,,,,,,,,,,
193,화성시청,남양사거리,용건릉(경유),병점사거리,병점역후문,,,,,,,,,,,,,,,,,,,,,,,,,,,,,,,,,,,,,,,,,,,,,,,,,,,,,,,,,,,,,,,,,,,,,,,,,,,,,,,,,,,,,,,,,,,,,,,,,,,,,,,,,,,,,,,,,,,,,,,,,,,,
194,향남환승터미널,병점역후문,화성문화원.향남환승터미널,,,,,,,,,,,,,,,,,,,,,,,,,,,,,,,,,,,,,,,,,,,,,,,,,,,,,,,,,,,,,,,,,,,,,,,,,,,,,,,,,,,,,,,,,,,,,,,,,,,,,,,,,,,,,,,,,,,,,,,,,,,,,,
195,발안삼거리.바다마트,화성종합경기타운사거리,화성문화원.향남환승터미널,화성소방서.향남홈플러스,에일린의뜰,단독주택단지,방축리,향남주공1.2단지,향남부영3단지,하길중학교,향남부영13단지,상신하길로주택,향남부영16단지,향남주공18단지,신영지웰,향남환승터미널,,,,,,,,,,,,,,,,,,,,,,,,,,,,,,,,,,,,,,,,,,,,,,,,,,,,,,,,,,,,,,,,,,,,,,,,,,,,,,,,,,,,,,,,,,,,,,,,,,,,,,,,,,,,,,,,,
196,장안대후문,삼봉마을.신안인스빌,봉담읍행정복지센터,국민체육센터,봉담중.고등학교,동일하이빌.상봉초등학교,동일하이빌.화성고용센터,동화휴먼시아6단지,동화중학교.동화초등학교,주공5단지,효행초등학교,효행초등학교정문,아이파크정문,신명아파트,수원대입구,수원대학교,임광1.2단지입구,봉담휴먼빌아파트,임광그대가3단지,동화초중교,중심상가.화성고용센터,동화휴먼시아1단지.상봉초등학교,봉담택지지구,,,,,,,,,,,,,,,,,,,,,,,,,,,,,,,,,,,,,,,,,,,,,,,,,,,,,,,,,,,,,,,,,,,,,,,,,,,,,,,,,,,,,,,,,,,,,,,,,,,,,,,,,,
197,사강종점,사강복지회관,육일리.육교동입구,육일1리.육도리,칠곡리,전곡1리.당고지,전곡1리.화성오일뱅크,전곡2리마을회관.운천동,전곡삼거리마트,하내연수원,쟁이골,광평리.고래몰,광평삼거리,느티나무앞,광평주유소,광평리,상안리,서신중학교후문,매화리,서신초등학교,서신면행정복지센터,사곳입구,영지,백석로입구,백석,백미리입구,용두2리,궁평보건지소,해운교차로,해운경로당,궁평교회,마루교차로,박고지,마루뜰,고잔마을,궁평유원지종점,궁평2리.해운초등학교,용두1리,용두1리.왕모대입구,사곳리.개내기,사곳리마을회관,홍법리,각골,삼밭골,목성머리,사강시장,사강정형외과,,,,,,,,,,,,,,,,,,,,,,,,,,,,,,,,,,,,,,,,,,,,,,,,,,,,,,,,,,,,,,,,,,,,,,,,,,,,,,,,,,
198,사강종점,사강복지회관,육일리.육교동입구,육일1리.육도리,칠곡리,전곡1리.당고지,전곡1리.화성오일뱅크,전곡2리마을회관.운천동,전곡삼거리마트,하내연수원,쟁이골,광평리.고래몰,광평삼거리,느티나무앞,광평주유소,광평리,상안리,서신중학교후문,매화리,서신초등학교,서신면행정복지센터,사곳입구,영지,백석로입구,백석,백미리입구,용두2리,궁평보건지소,해운교차로,해운경로당,궁평교회,마루교차로,박고지,마루뜰,고잔마을,궁평유원지종점,궁평2리.해운초등학교,서신사거리,목성머리,사강시장,사강정형외과,,,,,,,,,,,,,,,,,,,,,,,,,,,,,,,,,,,,,,,,,,,,,,,,,,,,,,,,,,,,,,,,,,,,,,,,,,,,,,,,,,,,,,,,
199,사강종점,사강복지회관,육일리.육교동입구,육일1리.육도리,칠곡리,전곡1리.당고지,전곡1리.화성오일뱅크,전곡2리마을회관.운천동,전곡삼거리마트,하내연수원,쟁이골,광평리.고래몰,광평삼거리,느티나무앞,광평주유소,광평리,상안리,서신중학교후문,매화리,서신초등학교,삼밭골,각골,홍법리,사곳리마을회관,사곳리.개내기,용두리,용두1리,해운경로당,궁평교회,마루교차로,박고지,마루뜰,고잔마을,궁평유원지종점,궁평2리.해운초등학교,해운교차로,궁평보건지소,용두2리,백미리입구,백석,백석로입구,영지,사곳입구,서신면행정복지센터,서신사거리,목성머리,사강시장,사강정형외과,,,,,,,,,,,,,,,,,,,,,,,,,,,,,,,,,,,,,,,,,,,,,,,,,,,,,,,,,,,,,,,,,,,,,,,,,,,,,,,,,
200,사강종점,사강복지회관,송산중학교,은진화학,중송1리,마산1리,지화1리마을회관,지화리,파인웰,화랑교회,지화2리,지화1리,사강시장,사강정형외과,,,,,,,,,,,,,,,,,,,,,,,,,,,,,,,,,,,,,,,,,,,,,,,,,,,,,,,,,,,,,,,,,,,,,,,,,,,,,,,,,,,,,,,,,,,,,,,,,,,,,,,,,,,,,,,,,,,
201,사강종점,해문1리.질고개,해문1리,슬항2리,마도면행정복지센터,마도소방서,마도농협,슬항1리.절골,세종슈퍼앞,청원초등학교,청원1리마을회관,청원3리입구,금당리회관,금당2리종점,청원낚시터앞,화도중학교입구,사강정형외과,,,,,,,,,,,,,,,,,,,,,,,,,,,,,,,,,,,,,,,,,,,,,,,,,,,,,,,,,,,,,,,,,,,,,,,,,,,,,,,,,,,,,,,,,,,,,,,,,,,,,,,,,,,,,,,,
202,사강종점,사강정형외과,봉가1리,삼존2리입구,삼존2리마을회관,삼존3리,슬항3리,외국인보호소,마도사거리,송정1리,송정1리마을회관,원천교회,송림2리.잔다리,원촌동입구,수작이교차로,우림아파트,경기남부수협.보건소,기업은행,남양중고입구.기아남양점,양우내안애,화성시청,공군부대입구,대광아파트,남양뉴타운.양우내안애,남양중고교입구,샘터교차로,원촌동,송정리.큰말,송정리,구리섬앞,구리섬휴게소,삼존리자동차성능시험장,돼지고개.삼존리물미,,,,,,,,,,,,,,,,,,,,,,,,,,,,,,,,,,,,,,,,,,,,,,,,,,,,,,,,,,,,,,,,,,,,,,,,,,,,,,,,,,,,,,,,,,,,,,,,
203,사강종점,사강정형외과,봉가1리,돼지고개.삼존리물미,삼존리,슬항3리,외국인보호소,마도사거리,송정1리,송정1리마을회관,원천교회,송림2리.잔다리,원촌동입구,수작이교차로,우림아파트,경기남부수협.보건소,기업은행,남양중고입구.기아남양점,양우내안애,화성시청,공군부대입구,대광아파트,남양뉴타운.양우내안애,남양중고교입구,샘터교차로,원촌동,송정리.큰말,송정리,구리섬앞,구리섬휴게소,삼존리자동차성능시험장,,,,,,,,,,,,,,,,,,,,,,,,,,,,,,,,,,,,,,,,,,,,,,,,,,,,,,,,,,,,,,,,,,,,,,,,,,,,,,,,,,,,,,,,,,,,,,,,,,
204,사강종점,사강복지회관,송산중학교,은진화학,중송1리,마산1리,지화1리마을회관,지화리,파인웰,화랑교회,지화2리,지화1리,사강시장,사강정형외과,,,,,,,,,,,,,,,,,,,,,,,,,,,,,,,,,,,,,,,,,,,,,,,,,,,,,,,,,,,,,,,,,,,,,,,,,,,,,,,,,,,,,,,,,,,,,,,,,,,,,,,,,,,,,,,,,,,
205,사강종점,해문1리.질고개,해문1리,슬항2리,마도면행정복지센터,마도소방서,마도농협,슬항1리.절골,세종슈퍼앞,청원초등학교,청원1리마을회관,청원3리입구,금당리회관,금당2리종점,청원낚시터앞,화도중학교입구,사강정형외과,,,,,,,,,,,,,,,,,,,,,,,,,,,,,,,,,,,,,,,,,,,,,,,,,,,,,,,,,,,,,,,,,,,,,,,,,,,,,,,,,,,,,,,,,,,,,,,,,,,,,,,,,,,,,,,,
206,사강종점,사강정형외과,봉가1리,삼존2리입구,삼존2리마을회관,삼존3리,슬항3리,외국인보호소,마도소방서,마도농협,슬항1리.절골,세종슈퍼앞,청원초등학교,청원1리마을회관,청원3리입구,청원3리종점,마도면행정복지센터,구리섬앞,구리섬휴게소,삼존리자동차성능시험장,돼지고개.삼존리물미,,,,,,,,,,,,,,,,,,,,,,,,,,,,,,,,,,,,,,,,,,,,,,,,,,,,,,,,,,,,,,,,,,,,,,,,,,,,,,,,,,,,,,,,,,,,,,,,,,,,,,,,,,,,
207,사강종점,사강복지회관,송산중학교,은진화학,중송1리,중송1리마을회관,마산1리,마산1리.청촌농원,마산1리마을회관,신흥유원지,마산초교,마산2리,고포3리,고포3리.구랫골,사강시장,사강정형외과,,,,,,,,,,,,,,,,,,,,,,,,,,,,,,,,,,,,,,,,,,,,,,,,,,,,,,,,,,,,,,,,,,,,,,,,,,,,,,,,,,,,,,,,,,,,,,,,,,,,,,,,,,,,,,,,,
208,사강종점,사강복지회관,송산중학교,은진화학,중송1리,마산1리,마산1리.청촌농원,장문.황해농원,지화1리.현대염전,마산1리마을회관,사강시장,사강정형외과,,,,,,,,,,,,,,,,,,,,,,,,,,,,,,,,,,,,,,,,,,,,,,,,,,,,,,,,,,,,,,,,,,,,,,,,,,,,,,,,,,,,,,,,,,,,,,,,,,,,,,,,,,,,,,,,,,,,,
209,사강종점,사강복지회관,송산중학교,은진화학,중송1리,마산1리,지화1리마을회관,지화리,파인웰,화랑교회,지화2리,지화1리,사강시장,사강정형외과,,,,,,,,,,,,,,,,,,,,,,,,,,,,,,,,,,,,,,,,,,,,,,,,,,,,,,,,,,,,,,,,,,,,,,,,,,,,,,,,,,,,,,,,,,,,,,,,,,,,,,,,,,,,,,,,,,,
210,사강종점,사강정형외과,봉가1리,돼지고개.삼존리물미,삼존리,슬항3리,외국인보호소,마도소방서,마도농협,슬항1리.절골,세종슈퍼앞,청원초등학교,청원1리마을회관,청원3리입구,청원3리종점,화도중학교입구,구리섬앞,구리섬휴게소,삼존리자동차성능시험장,삼존3리,삼존2리마을회관,삼존2리입구,,,,,,,,,,,,,,,,,,,,,,,,,,,,,,,,,,,,,,,,,,,,,,,,,,,,,,,,,,,,,,,,,,,,,,,,,,,,,,,,,,,,,,,,,,,,,,,,,,,,,,,,,,,
211,사강종점,사강복지회관,송산중학교,은진화학,중송1리,마산1리,마산1리.청촌농원,마산1리마을회관,마산2리.도말,고포2리.큰개메기,고포2리마을회관,고포2리,고포3리회관앞,사강시장,사강정형외과,,,,,,,,,,,,,,,,,,,,,,,,,,,,,,,,,,,,,,,,,,,,,,,,,,,,,,,,,,,,,,,,,,,,,,,,,,,,,,,,,,,,,,,,,,,,,,,,,,,,,,,,,,,,,,,,,,
212,사강종점,사강복지회관,송산중학교,사강3리.양짓말,인애농원앞,각골입구,천등1리.등굴,천등3리.새말,독지1리.돌내입구,돌내,독지리교회,독지리종점,형도종점,사강시장,사강정형외과,,,,,,,,,,,,,,,,,,,,,,,,,,,,,,,,,,,,,,,,,,,,,,,,,,,,,,,,,,,,,,,,,,,,,,,,,,,,,,,,,,,,,,,,,,,,,,,,,,,,,,,,,,,,,,,,,,
213,사강종점,사강복지회관,송산중학교,사강3리.양짓말,인애농원앞,각골입구,천등1리.등굴,천등3리.새말,독지1리.돌내입구,돌내,독지리교회,사강시장,사강정형외과,,,,,,,,,,,,,,,,,,,,,,,,,,,,,,,,,,,,,,,,,,,,,,,,,,,,,,,,,,,,,,,,,,,,,,,,,,,,,,,,,,,,,,,,,,,,,,,,,,,,,,,,,,,,,,,,,,,,
214,사강종점,사강복지회관,송산중학교,사강3리.양짓말,인애농원앞,각골입구,천등1리.등굴,천등3리.새말,독지1리.돌내입구,돌내,독지리교회,독지리종점,독지2리.문지마을,사강시장,사강정형외과,,,,,,,,,,,,,,,,,,,,,,,,,,,,,,,,,,,,,,,,,,,,,,,,,,,,,,,,,,,,,,,,,,,,,,,,,,,,,,,,,,,,,,,,,,,,,,,,,,,,,,,,,,,,,,,,,,
215,사강종점,사강복지회관,송산중학교,은진화학,중송1리,마산1리,마산1리.청촌농원,마산1리마을회관,신흥유원지,마산초교,마산2리.탯마당,마산2리.도말,고포2리.큰개메기,고포2리마을회관,고포2리,고포3리회관앞,사강시장,사강정형외과,,,,,,,,,,,,,,,,,,,,,,,,,,,,,,,,,,,,,,,,,,,,,,,,,,,,,,,,,,,,,,,,,,,,,,,,,,,,,,,,,,,,,,,,,,,,,,,,,,,,,,,,,,,,,,,
216,사강종점,사강정형외과,봉가1리,삼존2리입구,삼존2리마을회관,삼존3리,,,,,,,,,,,,,,,,,,,,,,,,,,,,,,,,,,,,,,,,,,,,,,,,,,,,,,,,,,,,,,,,,,,,,,,,,,,,,,,,,,,,,,,,,,,,,,,,,,,,,,,,,,,,,,,,,,,,,,,,,,,
217,사강종점,사강복지회관,송산중학교,은진화학,중송1리,중송1리마을회관,마산1리,마산1리.청촌농원,마산1리마을회관,신흥유원지,마산초교,마산2리,고포3리,고포3리.구랫골,사강시장,사강정형외과,,,,,,,,,,,,,,,,,,,,,,,,,,,,,,,,,,,,,,,,,,,,,,,,,,,,,,,,,,,,,,,,,,,,,,,,,,,,,,,,,,,,,,,,,,,,,,,,,,,,,,,,,,,,,,,,,
218,사강종점,사강복지회관,송산중학교,사강3리.양짓말,인애농원앞,각골입구,천등1리.등굴,천등3리.새말,독지1리.돌내입구,독지2리.문지마을,독지리종점,형도종점,고포2리.큰개메기,고포2리마을회관,고포2리,고포3리회관앞,고포3리,마산2리,마산초교,신흥유원지,마산1리마을회관,마산1리.청촌농원,마산1리,중송1리,은진화학,사강시장,사강정형외과,,,,,,,,,,,,,,,,,,,,,,,,,,,,,,,,,,,,,,,,,,,,,,,,,,,,,,,,,,,,,,,,,,,,,,,,,,,,,,,,,,,,,,,,,,,,,,,,,,,,,,
